time, math
-5,3.05
-4.9999,3.07
-4.9998,3.11
-4.9997,3.09
-4.9996,3.07
-4.9995,3.09
-4.9994,3.09
-4.9993,3.09
-4.9992,3.09
-4.9991,3.09
-4.999,3.11
-4.9989,3.13
-4.9988,3.13
-4.9987,3.09
-4.9986,3.07
-4.9985,3.09
-4.9984,3.09
-4.9983,2.77
-4.9982,2.67
-4.9981,2.67
-4.998,2.69
-4.9979,3.05
-4.9978,3.09
-4.9977,3.11
-4.9976,3.09
-4.9975,3.15
-4.9974,3.09
-4.9973,3.07
-4.9972,3.07
-4.9971,3.11
-4.997,3.13
-4.9969,3.07
-4.9968,3.09
-4.9967,3.09
-4.9966,3.15
-4.9965,3.07
-4.9964,3.09
-4.9963,3.11
-4.9962,3.11
-4.996,2.71
-4.994,2.65
-4.992,2.79
-4.99,3.11
-4.988,3.09
-4.986,3.11
-4.984,3.11
-4.982,3.09
-4.98,3.09
-4.978,3.03
-4.976,3.13
-4.974,3.09
-4.972,3.11
-4.97,3.09
-4.968,3.07
-4.966,3.09
-4.964,3.11
-4.962,3.05
-4.96,3.03
-4.958,3.11
-4.956,3.03
-4.954,3.09
-4.952,2.69
-4.95,2.73
-4.948,2.69
-4.946,2.71
-4.944,2.71
-4.942,2.71
-4.94,3.05
-4.938,2.99
-4.936,3.13
-4.934,3.07
-4.932,3.11
-4.93,3.09
-4.928,3.07
-4.926,3.07
-4.924,3.11
-4.922,3.09
-4.92,3.07
-4.918,3.07
-4.916,3.15
-4.914,3.09
-4.912,3.09
-4.91,3.11
-4.908,3.11
-4.906,2.67
-4.904,2.65
-4.902,2.71
-4.9,2.69
-4.898,2.67
-4.896,2.71
-4.894,2.71
-4.892,2.67
-4.89,2.79
-4.888,2.71
-4.886,3.01
-4.884,3.11
-4.882,3.17
-4.88,3.09
-4.878,3.11
-4.876,3.07
-4.874,3.11
-4.872,3.11
-4.87,3.15
-4.868,3.09
-4.866,3.11
-4.864,3.09
-4.862,2.99
-4.86,2.69
-4.858,2.67
-4.856,2.71
-4.854,2.73
-4.852,2.69
-4.85,2.75
-4.848,2.67
-4.846,2.75
-4.844,2.67
-4.842,2.73
-4.84,2.71
-4.838,2.67
-4.836,2.71
-4.834,3.09
-4.832,3.11
-4.83,3.11
-4.828,3.09
-4.826,3.11
-4.824,3.09
-4.822,3.11
-4.82,3.11
-4.818,3.11
-4.816,2.71
-4.814,2.69
-4.812,2.73
-4.81,2.69
-4.808,2.69
-4.806,2.71
-4.804,2.73
-4.802,2.69
-4.8,2.69
-4.798,2.67
-4.796,2.69
-4.794,2.71
-4.792,2.71
-4.79,2.69
-4.788,2.73
-4.786,2.67
-4.784,3.07
-4.782,3.01
-4.78,3.09
-4.778,3.07
-4.776,3.13
-4.774,3.07
-4.772,3.11
-4.77,2.67
-4.768,2.69
-4.766,2.65
-4.764,2.71
-4.762,2.73
-4.76,2.69
-4.758,2.71
-4.756,2.75
-4.754,2.67
-4.752,2.67
-4.75,2.69
-4.748,2.73
-4.746,2.71
-4.744,2.67
-4.742,2.67
-4.74,2.69
-4.738,2.69
-4.7359,2.69
-4.7339,2.67
-4.7319,2.67
-4.7299,2.81
-4.7279,3.07
-4.7259,3.05
-4.7239,2.81
-4.7219,2.67
-4.7199,2.71
-4.7179,2.77
-4.7159,2.71
-4.7139,2.67
-4.7119,2.73
-4.7099,2.71
-4.7079,2.71
-4.7059,2.71
-4.7039,2.73
-4.7019,2.69
-4.6999,2.71
-4.6979,2.69
-4.6959,2.69
-4.6939,2.71
-4.6919,2.65
-4.6899,2.67
-4.6879,2.71
-4.6859,2.71
-4.6839,2.71
-4.6819,2.71
-4.6799,2.67
-4.6779,2.47
-4.6759,2.41
-4.6739,2.61
-4.6719,2.71
-4.6699,2.65
-4.6679,2.69
-4.6659,2.71
-4.6639,2.67
-4.6619,2.73
-4.6599,2.67
-4.6579,2.73
-4.6559,2.71
-4.6539,2.71
-4.6519,2.69
-4.6499,2.69
-4.6479,2.69
-4.6459,2.73
-4.6439,2.69
-4.6419,2.71
-4.6399,2.65
-4.6379,2.75
-4.6359,2.67
-4.6339,2.2901
-4.6319,2.3101
-4.6299,2.3101
-4.6279,2.2901
-4.6259,2.2901
-4.6239,2.3301
-4.6219,2.67
-4.6199,2.67
-4.6179,2.67
-4.6159,2.73
-4.6139,2.71
-4.6119,2.73
-4.6099,2.67
-4.6079,2.69
-4.6059,2.69
-4.6039,2.69
-4.6019,2.69
-4.5999,2.71
-4.5979,2.73
-4.5959,2.65
-4.5939,2.69
-4.5919,2.67
-4.5899,2.65
-4.5879,2.2901
-4.5859,2.2701
-4.5839,2.2901
-4.5819,2.3301
-4.5799,2.3101
-4.5779,2.3301
-4.5759,2.3101
-4.5739,2.2701
-4.5719,2.37
-4.5699,2.55
-4.5679,2.61
-4.5659,2.69
-4.5639,2.69
-4.5619,2.71
-4.5599,2.71
-4.5579,2.69
-4.5559,2.71
-4.5539,2.69
-4.5519,2.73
-4.5499,2.71
-4.5479,2.69
-4.5459,2.73
-4.5439,2.3301
-4.5419,2.2901
-4.5399,2.2901
-4.5379,2.3101
-4.5359,2.2901
-4.5339,2.2701
-4.5319,2.2501
-4.5299,2.2901
-4.5279,2.3101
-4.5259,2.2901
-4.5239,2.2701
-4.5219,2.2901
-4.5199,2.43
-4.5179,2.51
-4.5159,2.71
-4.5139,2.73
-4.5119,2.71
-4.5099,2.69
-4.5079,2.69
-4.5059,2.71
-4.5039,2.69
-4.5019,2.73
-4.4999,2.35
-4.4979,2.3101
-4.4959,2.3101
-4.4939,2.2701
-4.4919,2.3301
-4.4899,2.3301
-4.4879,2.3101
-4.4859,2.3101
-4.4839,2.2901
-4.4819,2.3101
-4.4799,2.3101
-4.4779,2.3101
-4.4759,2.2701
-4.4739,2.3101
-4.4719,2.3101
-4.4699,2.3101
-4.4679,2.45
-4.4659,2.53
-4.4639,2.51
-4.4619,2.67
-4.4599,2.71
-4.4579,2.69
-4.4559,2.71
-4.4539,2.2701
-4.4519,2.3301
-4.4499,2.2901
-4.4479,2.3301
-4.4459,2.3101
-4.4439,2.2901
-4.4419,2.2701
-4.4399,2.2701
-4.4379,2.3101
-4.4359,2.2501
-4.4339,2.3101
-4.4319,2.2901
-4.4299,2.3101
-4.4279,2.2901
-4.4259,2.3101
-4.4239,2.3101
-4.4219,2.2701
-4.4199,2.2901
-4.4179,2.3101
-4.4159,2.2901
-4.4139,2.59
-4.4119,2.69
-4.4099,2.3101
-4.4079,2.3101
-4.4059,2.2901
-4.4039,2.3101
-4.4019,2.2901
-4.3999,2.3101
-4.3979,2.35
-4.3959,2.2701
-4.3939,2.2901
-4.3919,2.3101
-4.3899,2.3301
-4.3879,2.2901
-4.3859,2.2701
-4.3839,2.2301
-4.3819,2.2701
-4.3799,2.2501
-4.3779,2.2701
-4.3759,2.3301
-4.3739,2.2701
-4.3719,2.3301
-4.3699,2.3101
-4.3679,2.3101
-4.3659,1.9101
-4.3639,1.93
-4.3619,1.8901
-4.3599,2.2701
-4.3579,2.3301
-4.3559,2.3101
-4.3539,2.3101
-4.3519,2.3301
-4.3499,2.2901
-4.3479,2.3101
-4.3459,2.2701
-4.3439,2.2901
-4.3419,2.3301
-4.3399,2.3101
-4.3379,2.3301
-4.3359,2.3101
-4.3339,2.2501
-4.3319,2.2701
-4.3299,2.2901
-4.3279,2.3101
-4.3259,2.2701
-4.3239,2.2701
-4.3219,2.3101
-4.3199,2.1301
-4.3179,2.03
-4.3159,1.9101
-4.3139,1.91
-4.3119,1.91
-4.3099,1.8901
-4.3079,2.1701
-4.3059,2.3101
-4.3039,2.2901
-4.3019,2.3101
-4.2999,2.3101
-4.2979,2.2901
-4.2959,2.3101
-4.2939,2.2901
-4.2919,2.35
-4.2899,2.3301
-4.2879,2.2701
-4.2859,2.35
-4.2839,2.2901
-4.2819,2.3101
-4.2799,2.2701
-4.2779,2.2901
-4.2759,2.1301
-4.2739,1.9701
-4.2719,1.87
-4.2699,1.91
-4.2679,1.91
-4.2659,1.91
-4.2639,1.8901
-4.2619,1.91
-4.2599,1.91
-4.2579,1.93
-4.2559,1.91
-4.2539,2.3101
-4.2519,2.3101
-4.2499,2.2701
-4.2479,2.3301
-4.2459,2.3301
-4.2439,2.2901
-4.2419,2.3101
-4.2399,2.2501
-4.2379,2.3101
-4.2359,2.2901
-4.2339,2.2901
-4.2319,2.2901
-4.2299,2.1701
-4.2279,1.87
-4.2259,1.9501
-4.2239,1.87
-4.2219,1.8901
-4.2199,1.9101
-4.2179,1.8901
-4.2159,1.8901
-4.2139,1.9501
-4.2119,1.87
-4.2098,1.89
-4.2078,1.89
-4.2058,1.8501
-4.2038,1.89
-4.2018,1.89
-4.1998,1.85
-4.1978,2.3301
-4.1958,2.2701
-4.1938,2.3101
-4.1918,2.2901
-4.1898,2.2901
-4.1878,2.2901
-4.1858,2.3101
-4.1838,2.1901
-4.1818,2.0701
-4.1798,1.93
-4.1778,1.8901
-4.1758,1.9501
-4.1738,1.85
-4.1718,1.89
-4.1698,1.93
-4.1678,1.8901
-4.1658,1.89
-4.1638,1.9701
-4.1618,1.91
-4.1598,1.91
-4.1578,1.9501
-4.1558,1.87
-4.1538,1.95
-4.1518,1.93
-4.1498,1.89
-4.1478,1.9501
-4.1458,2.1101
-4.1438,2.2701
-4.1418,2.3101
-4.1398,2.2901
-4.1378,2.2301
-4.1358,1.9701
-4.1338,1.8901
-4.1318,1.89
-4.1298,1.91
-4.1278,1.87
-4.1258,1.93
-4.1238,1.8501
-4.1218,1.91
-4.1198,1.93
-4.1178,1.89
-4.1158,1.93
-4.1138,1.89
-4.1118,1.89
-4.1098,1.91
-4.1078,1.89
-4.1058,1.91
-4.1038,1.9101
-4.1018,1.93
-4.0998,1.87
-4.0978,1.93
-4.0958,1.93
-4.0938,1.93
-4.0918,2.1501
-4.0898,1.95
-4.0878,1.87
-4.0858,1.9501
-4.0838,1.9101
-4.0818,1.89
-4.0798,1.89
-4.0778,1.89
-4.0758,1.8901
-4.0738,1.91
-4.0718,1.93
-4.0698,1.89
-4.0678,1.89
-4.0658,1.93
-4.0638,1.8901
-4.0618,1.89
-4.0598,1.89
-4.0578,1.89
-4.0558,1.91
-4.0538,1.89
-4.0518,1.8901
-4.0498,1.89
-4.0478,1.73
-4.0458,1.51
-4.0438,1.53
-4.0418,1.51
-4.0398,1.8901
-4.0378,1.91
-4.0358,1.9101
-4.0338,1.93
-4.0318,1.89
-4.0298,1.91
-4.0278,1.93
-4.0258,1.9101
-4.0238,1.89
-4.0218,1.9101
-4.0198,1.93
-4.0178,1.93
-4.0158,1.93
-4.0138,1.9101
-4.0118,1.91
-4.0098,1.93
-4.0078,1.93
-4.0058,1.9101
-4.0038,1.9701
-4.0018,1.55
-3.9998,1.53
-3.9978,1.51
-3.9958,1.49
-3.9938,1.51
-3.9918,1.51
-3.9898,1.55
-3.9878,1.55
-3.9858,1.9101
-3.9838,1.8901
-3.9818,1.89
-3.9798,1.93
-3.9778,1.93
-3.9758,1.87
-3.9738,1.89
-3.9718,1.91
-3.9698,1.89
-3.9678,1.91
-3.9658,1.8901
-3.9638,1.87
-3.9618,1.89
-3.9598,1.91
-3.9578,1.8501
-3.9558,1.67
-3.9538,1.51
-3.9518,1.59
-3.9498,1.53
-3.9478,1.47
-3.9458,1.51
-3.9438,1.51
-3.9418,1.51
-3.9398,1.51
-3.9378,1.49
-3.9358,1.57
-3.9338,1.89
-3.9318,1.93
-3.9298,1.89
-3.9278,1.8901
-3.9258,1.87
-3.9238,1.91
-3.9218,1.89
-3.9198,1.93
-3.9178,1.93
-3.9158,1.91
-3.9138,1.93
-3.9118,1.79
-3.9098,1.61
-3.9078,1.57
-3.9058,1.55
-3.9038,1.53
-3.9018,1.51
-3.8998,1.49
-3.8978,1.49
-3.8958,1.49
-3.8938,1.51
-3.8918,1.49
-3.8898,1.51
-3.8878,1.47
-3.8858,1.51
-3.8838,1.55
-3.8818,1.89
-3.8798,1.87
-3.8778,1.95
-3.8758,1.89
-3.8738,1.87
-3.8718,1.97
-3.8698,1.91
-3.8678,1.87
-3.8658,1.83
-3.8638,1.51
-3.8618,1.51
-3.8598,1.49
-3.8578,1.49
-3.8558,1.53
-3.8538,1.53
-3.8518,1.51
-3.8498,1.55
-3.8478,1.57
-3.8458,1.51
-3.8438,1.51
-3.8418,1.49
-3.8398,1.53
-3.8378,1.49
-3.8358,1.51
-3.8338,1.57
-3.8318,1.9101
-3.8298,1.89
-3.8278,1.89
-3.8258,1.93
-3.8238,1.9101
-3.8218,1.91
-3.8198,1.59
-3.8178,1.57
-3.8158,1.47
-3.8138,1.55
-3.8118,1.53
-3.8098,1.51
-3.8078,1.49
-3.8058,1.55
-3.8038,1.51
-3.8018,1.51
-3.7998,1.51
-3.7978,1.49
-3.7958,1.53
-3.7938,1.47
-3.7918,1.51
-3.7898,1.55
-3.7878,1.55
-3.7858,1.53
-3.7838,1.51
-3.7818,1.47
-3.7798,1.83
-3.7778,1.93
-3.7758,1.8901
-3.7738,1.79
-3.7718,1.53
-3.7698,1.53
-3.7678,1.53
-3.7658,1.53
-3.7638,1.55
-3.7618,1.51
-3.7598,1.53
-3.7578,1.53
-3.7558,1.47
-3.7538,1.49
-3.7518,1.55
-3.7498,1.51
-3.7478,1.51
-3.7458,1.55
-3.7438,1.47
-3.7418,1.51
-3.7398,1.51
-3.7378,1.53
-3.7358,1.51
-3.7338,1.51
-3.7318,1.51
-3.7298,1.49
-3.7278,1.91
-3.7258,1.49
-3.7238,1.47
-3.7218,1.55
-3.7198,1.55
-3.7178,1.49
-3.7158,1.51
-3.7138,1.53
-3.7118,1.49
-3.7098,1.49
-3.7078,1.51
-3.7058,1.49
-3.7038,1.53
-3.7018,1.57
-3.6998,1.55
-3.6978,1.49
-3.6958,1.53
-3.6938,1.51
-3.6918,1.49
-3.6898,1.55
-3.6878,1.51
-3.6858,1.51
-3.6837,1.51
-3.6817,1.51
-3.6797,1.51
-3.6777,1.29
-3.6757,1.45
-3.6737,1.53
-3.6717,1.47
-3.6697,1.55
-3.6677,1.55
-3.6657,1.53
-3.6637,1.51
-3.6617,1.51
-3.6597,1.49
-3.6577,1.51
-3.6557,1.51
-3.6537,1.53
-3.6517,1.55
-3.6497,1.49
-3.6477,1.51
-3.6457,1.53
-3.6437,1.53
-3.6417,1.55
-3.6397,1.55
-3.6377,1.49
-3.6357,1.55
-3.6337,1.51
-3.6317,1.13
-3.6297,1.15
-3.6277,1.11
-3.6257,1.17
-3.6237,1.51
-3.6217,1.53
-3.6197,1.55
-3.6177,1.49
-3.6157,1.49
-3.6137,1.55
-3.6117,1.47
-3.6097,1.47
-3.6077,1.55
-3.6057,1.49
-3.6037,1.53
-3.6017,1.49
-3.5997,1.49
-3.5977,1.53
-3.5957,1.51
-3.5937,1.53
-3.5917,1.53
-3.5897,1.51
-3.5877,1.53
-3.5857,1.45
-3.5837,1.19
-3.5817,1.13
-3.5797,1.11
-3.5777,1.09
-3.5757,1.11
-3.5737,1.49
-3.5717,1.55
-3.5697,1.53
-3.5677,1.51
-3.5657,1.51
-3.5637,1.53
-3.5617,1.51
-3.5597,1.53
-3.5577,1.53
-3.5557,1.53
-3.5537,1.49
-3.5517,1.59
-3.5497,1.53
-3.5477,1.49
-3.5457,1.53
-3.5437,1.47
-3.5417,1.51
-3.5397,1.53
-3.5377,1.13
-3.5357,1.17
-3.5337,1.09
-3.5317,1.13
-3.5297,1.17
-3.5277,1.13
-3.5257,1.17
-3.5237,1.53
-3.5217,1.51
-3.5197,1.55
-3.5177,1.53
-3.5157,1.49
-3.5137,1.53
-3.5117,1.47
-3.5097,1.47
-3.5077,1.49
-3.5057,1.53
-3.5037,1.51
-3.5017,1.55
-3.4997,1.53
-3.4977,1.51
-3.4957,1.53
-3.4937,1.49
-3.4917,1.51
-3.4897,1.41
-3.4877,1.15
-3.4857,1.15
-3.4837,1.11
-3.4817,1.11
-3.4797,1.11
-3.4777,1.07
-3.4757,1.49
-3.4737,1.51
-3.4717,1.49
-3.4697,1.53
-3.4677,1.53
-3.4657,1.49
-3.4637,1.53
-3.4617,1.53
-3.4597,1.51
-3.4577,1.49
-3.4557,1.53
-3.4537,1.51
-3.4517,1.49
-3.4497,1.53
-3.4477,1.55
-3.4457,1.57
-3.4437,1.43
-3.4417,1.35
-3.4397,1.07
-3.4377,1.13
-3.4357,1.15
-3.4337,1.13
-3.4317,1.15
-3.4297,1.09
-3.4277,1.11
-3.4257,1.53
-3.4237,1.53
-3.4217,1.51
-3.4197,1.53
-3.4177,1.51
-3.4157,1.53
-3.4137,1.49
-3.4117,1.55
-3.4097,1.49
-3.4077,1.51
-3.4057,1.51
-3.4037,1.55
-3.4017,1.51
-3.3997,1.51
-3.3977,1.51
-3.3957,1.55
-3.3937,1.15
-3.3917,1.13
-3.3897,1.13
-3.3877,1.13
-3.3857,1.09
-3.3837,1.11
-3.3817,1.13
-3.3797,1.05
-3.3777,1.47
-3.3757,1.49
-3.3737,1.55
-3.3717,1.55
-3.3697,1.57
-3.3677,1.53
-3.3657,1.51
-3.3637,1.53
-3.3617,1.53
-3.3597,1.53
-3.3577,1.55
-3.3557,1.51
-3.3537,1.51
-3.3517,1.55
-3.3497,1.49
-3.3477,1.55
-3.3457,1.37
-3.3437,1.09
-3.3417,1.11
-3.3397,1.15
-3.3377,1.11
-3.3357,1.11
-3.3337,1.13
-3.3317,1.13
-3.3297,1.17
-3.3277,1.51
-3.3257,1.55
-3.3237,1.51
-3.3217,1.51
-3.3197,1.51
-3.3177,1.53
-3.3157,1.47
-3.3137,1.51
-3.3117,1.55
-3.3097,1.53
-3.3077,1.55
-3.3057,1.51
-3.3037,1.53
-3.3017,1.53
-3.2997,1.49
-3.2977,1.51
-3.2957,1.23
-3.2937,1.15
-3.2917,1.15
-3.2897,1.13
-3.2877,1.11
-3.2857,1.13
-3.2837,1.13
-3.2817,1.15
-3.2797,1.47
-3.2777,1.45
-3.2757,1.51
-3.2737,1.47
-3.2717,1.51
-3.2697,1.51
-3.2677,1.49
-3.2657,1.49
-3.2637,1.51
-3.2617,1.51
-3.2597,1.51
-3.2577,1.53
-3.2557,1.51
-3.2537,1.51
-3.2517,1.53
-3.2497,1.39
-3.2477,1.41
-3.2457,1.19
-3.2437,1.11
-3.2417,1.13
-3.2397,1.09
-3.2377,1.13
-3.2357,1.13
-3.2337,1.09
-3.2317,1.51
-3.2297,1.51
-3.2277,1.51
-3.2257,1.55
-3.2237,1.49
-3.2217,1.49
-3.2197,1.51
-3.2177,1.55
-3.2157,1.49
-3.2137,1.51
-3.2117,1.51
-3.2097,1.49
-3.2077,1.57
-3.2057,1.51
-3.2037,1.51
-3.2017,1.49
-3.1997,1.25
-3.1977,1.29
-3.1957,1.15
-3.1937,1.07
-3.1917,1.17
-3.1897,1.11
-3.1877,1.09
-3.1857,1.15
-3.1837,1.49
-3.1817,1.51
-3.1797,1.53
-3.1777,1.51
-3.1757,1.55
-3.1737,1.49
-3.1717,1.51
-3.1697,1.49
-3.1677,1.53
-3.1657,1.49
-3.1637,1.49
-3.1617,1.51
-3.1597,1.51
-3.1576,1.53
-3.1556,1.49
-3.1536,1.47
-3.1516,1.51
-3.1496,1.55
-3.1476,1.51
-3.1456,1.33
-3.1436,1.13
-3.1416,1.15
-3.1396,1.15
-3.1376,1.13
-3.1356,1.31
-3.1336,1.47
-3.1316,1.55
-3.1296,1.53
-3.1276,1.51
-3.1256,1.59
-3.1236,1.51
-3.1216,1.51
-3.1196,1.51
-3.1176,1.49
-3.1156,1.49
-3.1136,1.53
-3.1116,1.51
-3.1096,1.55
-3.1076,1.51
-3.1056,1.51
-3.1036,1.51
-3.1016,1.53
-3.0996,1.49
-3.0976,1.51
-3.0956,1.27
-3.0936,1.09
-3.0916,1.15
-3.0896,1.15
-3.0876,1.53
-3.0856,1.53
-3.0836,1.51
-3.0816,1.51
-3.0796,1.53
-3.0776,1.53
-3.0756,1.55
-3.0736,1.51
-3.0716,1.51
-3.0696,1.53
-3.0676,1.53
-3.0656,1.49
-3.0636,1.53
-3.0616,1.53
-3.0596,1.51
-3.0576,1.51
-3.0556,1.53
-3.0536,1.45
-3.0516,1.53
-3.0496,1.51
-3.0476,1.53
-3.0456,1.33
-3.0436,1.11
-3.0416,1.39
-3.0396,1.49
-3.0376,1.57
-3.0356,1.49
-3.0336,1.51
-3.0316,1.49
-3.0296,1.49
-3.0276,1.51
-3.0256,1.53
-3.0236,1.53
-3.0216,1.49
-3.0196,1.55
-3.0176,1.49
-3.0156,1.51
-3.0136,1.55
-3.0116,1.53
-3.0096,1.49
-3.0076,1.55
-3.0056,1.51
-3.0036,1.51
-3.0016,1.57
-2.9996,1.51
-2.9976,1.53
-2.9956,1.45
-2.9936,1.53
-2.9916,1.49
-2.9896,1.49
-2.9876,1.55
-2.9856,1.55
-2.9836,1.47
-2.9816,1.55
-2.9796,1.51
-2.9776,1.49
-2.9756,1.53
-2.9736,1.49
-2.9716,1.47
-2.9696,1.51
-2.9676,1.51
-2.9656,1.51
-2.9636,1.51
-2.9616,1.53
-2.9596,1.49
-2.9576,1.55
-2.9556,1.47
-2.9536,1.47
-2.9516,1.55
-2.9496,1.51
-2.9476,1.9101
-2.9456,1.87
-2.9436,1.49
-2.9416,1.53
-2.9396,1.51
-2.9376,1.47
-2.9356,1.53
-2.9336,1.51
-2.9316,1.51
-2.9296,1.53
-2.9276,1.53
-2.9256,1.51
-2.9236,1.51
-2.9216,1.49
-2.9196,1.51
-2.9176,1.53
-2.9156,1.51
-2.9136,1.53
-2.9116,1.51
-2.9096,1.49
-2.9076,1.53
-2.9056,1.51
-2.9036,1.49
-2.9016,1.95
-2.8996,1.9501
-2.8976,1.9101
-2.8956,1.91
-2.8936,1.67
-2.8916,1.65
-2.8896,1.51
-2.8876,1.53
-2.8856,1.53
-2.8836,1.51
-2.8816,1.51
-2.8796,1.51
-2.8776,1.57
-2.8756,1.55
-2.8736,1.47
-2.8716,1.51
-2.8696,1.53
-2.8676,1.49
-2.8656,1.55
-2.8636,1.53
-2.8616,1.51
-2.8596,1.49
-2.8576,1.57
-2.8556,1.93
-2.8536,1.89
-2.8516,1.87
-2.8496,1.9501
-2.8476,1.91
-2.8456,1.87
-2.8436,1.83
-2.8416,1.87
-2.8396,1.59
-2.8376,1.51
-2.8356,1.45
-2.8336,1.53
-2.8316,1.55
-2.8296,1.51
-2.8276,1.47
-2.8256,1.57
-2.8236,1.49
-2.8216,1.49
-2.8196,1.51
-2.8176,1.51
-2.8156,1.51
-2.8136,1.45
-2.8116,1.59
-2.8096,1.91
-2.8076,1.93
-2.8056,1.89
-2.8036,1.93
-2.8016,1.9501
-2.7996,1.89
-2.7976,1.89
-2.7956,1.93
-2.7936,1.9101
-2.7916,1.91
-2.7896,1.89
-2.7876,1.57
-2.7856,1.51
-2.7836,1.53
-2.7816,1.53
-2.7796,1.51
-2.7776,1.49
-2.7756,1.53
-2.7736,1.49
-2.7716,1.51
-2.7696,1.55
-2.7676,1.47
-2.7656,1.77
-2.7636,1.93
-2.7616,1.9501
-2.7596,1.9101
-2.7576,1.93
-2.7556,1.93
-2.7536,1.93
-2.7516,1.93
-2.7496,1.91
-2.7476,1.93
-2.7456,1.91
-2.7436,1.87
-2.7416,1.87
-2.7396,1.91
-2.7376,1.55
-2.7356,1.59
-2.7336,1.53
-2.7316,1.49
-2.7296,1.53
-2.7276,1.51
-2.7256,1.55
-2.7236,1.49
-2.7216,1.49
-2.7196,1.89
-2.7176,1.93
-2.7156,1.87
-2.7136,1.91
-2.7116,1.93
-2.7096,1.8501
-2.7076,1.93
-2.7056,1.95
-2.7036,1.89
-2.7016,1.89
-2.6996,1.9501
-2.6976,1.91
-2.6956,1.93
-2.6936,1.9101
-2.6916,1.91
-2.6896,1.91
-2.6876,1.8901
-2.6856,1.79
-2.6836,1.63
-2.6816,1.51
-2.6796,1.53
-2.6776,1.51
-2.6756,1.81
-2.6736,1.89
-2.6716,1.9101
-2.6696,1.89
-2.6676,1.93
-2.6656,1.9101
-2.6636,1.87
-2.6616,1.9101
-2.6596,1.89
-2.6576,1.9501
-2.6556,1.93
-2.6536,1.91
-2.6516,1.91
-2.6496,1.91
-2.6476,1.89
-2.6456,1.93
-2.6436,1.93
-2.6416,1.91
-2.6396,1.93
-2.6376,1.93
-2.6356,1.93
-2.6336,1.69
-2.6315,1.75
-2.6295,1.75
-2.6275,1.9101
-2.6255,1.8901
-2.6235,1.9101
-2.6215,1.85
-2.6195,1.89
-2.6175,1.91
-2.6155,1.91
-2.6135,1.91
-2.6115,1.8901
-2.6095,1.89
-2.6075,1.9101
-2.6055,1.9101
-2.6035,1.91
-2.6015,1.95
-2.5995,1.89
-2.5975,1.93
-2.5955,1.91
-2.5935,1.8901
-2.5915,1.91
-2.5895,1.91
-2.5875,1.93
-2.5855,1.87
-2.5835,1.93
-2.5815,2.2901
-2.5795,2.2901
-2.5775,2.1901
-2.5755,1.93
-2.5735,1.9101
-2.5715,1.87
-2.5695,1.87
-2.5675,1.9501
-2.5655,1.9501
-2.5635,1.8901
-2.5615,1.9101
-2.5595,1.87
-2.5575,1.89
-2.5555,1.91
-2.5535,1.9101
-2.5515,1.93
-2.5495,1.91
-2.5475,1.9101
-2.5455,1.93
-2.5435,1.9101
-2.5415,1.93
-2.5395,1.9101
-2.5375,2.3301
-2.5355,2.2901
-2.5335,2.35
-2.5315,2.2901
-2.5295,2.3101
-2.5275,2.3301
-2.5255,2.03
-2.5235,2.0101
-2.5215,1.9101
-2.5195,1.9501
-2.5175,1.93
-2.5155,1.87
-2.5135,1.89
-2.5115,1.95
-2.5095,1.9501
-2.5075,1.91
-2.5055,1.9101
-2.5035,1.8501
-2.5015,1.87
-2.4995,1.93
-2.4975,1.89
-2.4955,1.91
-2.4935,2.2101
-2.4915,2.3101
-2.4895,2.3301
-2.4875,2.3301
-2.4855,2.2901
-2.4835,2.3301
-2.4815,2.2701
-2.4795,2.35
-2.4775,2.3301
-2.4755,2.2901
-2.4735,2.1301
-2.4715,2.0501
-2.4695,1.93
-2.4675,1.9101
-2.4655,1.91
-2.4635,1.9501
-2.4615,1.93
-2.4595,1.93
-2.4575,1.95
-2.4555,1.8901
-2.4535,1.8501
-2.4515,1.89
-2.4495,1.9501
-2.4475,2.2701
-2.4455,2.2501
-2.4435,2.3101
-2.4415,2.2901
-2.4395,2.2901
-2.4375,2.2901
-2.4355,2.35
-2.4335,2.3301
-2.4315,2.35
-2.4295,2.3301
-2.4275,2.3301
-2.4255,2.2901
-2.4235,2.35
-2.4215,2.1101
-2.4195,2.0701
-2.4175,2.0101
-2.4155,1.89
-2.4135,1.89
-2.4115,1.93
-2.4095,1.89
-2.4075,1.8901
-2.4055,1.91
-2.4035,2.2701
-2.4015,2.2901
-2.3995,2.35
-2.3975,2.3301
-2.3955,2.3101
-2.3935,2.2901
-2.3915,2.2901
-2.3895,2.2701
-2.3875,2.3101
-2.3855,2.2701
-2.3835,2.3301
-2.3815,2.2901
-2.3795,2.37
-2.3775,2.2901
-2.3755,2.2901
-2.3735,2.2901
-2.3715,2.3101
-2.3695,2.2901
-2.3675,2.0501
-2.3655,1.9701
-2.3635,1.87
-2.3615,1.9101
-2.3595,2.2701
-2.3575,2.2701
-2.3555,2.2901
-2.3535,2.2901
-2.3515,2.3101
-2.3495,2.2501
-2.3475,2.3301
-2.3455,2.2701
-2.3435,2.2901
-2.3415,2.3101
-2.3395,2.2901
-2.3375,2.3101
-2.3355,2.3101
-2.3335,2.3101
-2.3315,2.3101
-2.3295,2.3101
-2.3275,2.2701
-2.3255,2.2701
-2.3235,2.2901
-2.3215,2.2901
-2.3195,2.3101
-2.3175,2.3101
-2.3155,2.1901
-2.3135,2.2901
-2.3115,2.2901
-2.3095,2.3101
-2.3075,2.3101
-2.3055,2.2501
-2.3035,2.3101
-2.3015,2.2901
-2.2995,2.2901
-2.2975,2.2901
-2.2955,2.3301
-2.2935,2.3101
-2.2915,2.2901
-2.2895,2.3101
-2.2875,2.3101
-2.2855,2.2301
-2.2835,2.3101
-2.2815,2.3101
-2.2795,2.2701
-2.2775,2.2901
-2.2755,2.2701
-2.2735,2.3301
-2.2715,2.3101
-2.2695,2.49
-2.2675,2.59
-2.2655,2.67
-2.2635,2.69
-2.2615,2.2701
-2.2595,2.3101
-2.2575,2.35
-2.2555,2.3301
-2.2535,2.2501
-2.2515,2.2901
-2.2495,2.3101
-2.2475,2.3101
-2.2455,2.2901
-2.2435,2.2701
-2.2415,2.35
-2.2395,2.2501
-2.2375,2.2701
-2.2355,2.2701
-2.2335,2.2701
-2.2315,2.2901
-2.2295,2.2901
-2.2275,2.3101
-2.2255,2.47
-2.2235,2.49
-2.2215,2.57
-2.2195,2.71
-2.2175,2.67
-2.2155,2.71
-2.2135,2.71
-2.2115,2.71
-2.2095,2.2701
-2.2075,2.3101
-2.2055,2.2901
-2.2035,2.3101
-2.2015,2.3101
-2.1995,2.2901
-2.1975,2.2701
-2.1955,2.2701
-2.1935,2.3301
-2.1915,2.2701
-2.1895,2.3101
-2.1875,2.2901
-2.1855,2.2701
-2.1835,2.2701
-2.1815,2.2701
-2.1795,2.43
-2.1775,2.63
-2.1755,2.69
-2.1735,2.67
-2.1715,2.73
-2.1695,2.63
-2.1675,2.73
-2.1655,2.71
-2.1635,2.67
-2.1615,2.73
-2.1595,2.73
-2.1575,2.67
-2.1555,2.2901
-2.1535,2.3301
-2.1515,2.2501
-2.1495,2.3301
-2.1475,2.3301
-2.1455,2.2501
-2.1435,2.35
-2.1415,2.2501
-2.1395,2.2701
-2.1375,2.3101
-2.1355,2.2901
-2.1335,2.47
-2.1315,2.71
-2.1295,2.71
-2.1275,2.69
-2.1255,2.65
-2.1235,2.73
-2.1215,2.73
-2.1195,2.69
-2.1175,2.69
-2.1155,2.71
-2.1135,2.69
-2.1115,2.65
-2.1095,2.67
-2.1075,2.71
-2.1055,2.73
-2.1034,2.71
-2.1014,2.65
-2.0994,2.3301
-2.0974,2.3301
-2.0954,2.2901
-2.0934,2.3301
-2.0914,2.2901
-2.0894,2.35
-2.0874,2.47
-2.0854,2.53
-2.0834,2.65
-2.0814,2.69
-2.0794,2.69
-2.0774,2.69
-2.0754,2.67
-2.0734,2.69
-2.0714,2.69
-2.0694,2.73
-2.0674,2.73
-2.0654,2.73
-2.0634,2.71
-2.0614,2.71
-2.0594,2.67
-2.0574,2.71
-2.0554,2.71
-2.0534,2.67
-2.0514,2.65
-2.0494,2.65
-2.0474,2.2901
-2.0454,2.3301
-2.0434,2.2901
-2.0414,2.49
-2.0394,2.67
-2.0374,2.71
-2.0354,2.77
-2.0334,2.69
-2.0314,2.69
-2.0294,2.67
-2.0274,2.69
-2.0254,2.67
-2.0234,2.71
-2.0214,2.71
-2.0194,2.73
-2.0174,2.73
-2.0154,2.65
-2.0134,2.69
-2.0114,2.71
-2.0094,2.73
-2.0074,2.65
-2.0054,2.69
-2.0034,2.73
-2.0014,2.75
-1.9994,2.73
-1.9974,2.75
-1.9954,2.87
-1.9934,2.71
-1.9914,2.73
-1.9894,2.73
-1.9874,2.71
-1.9854,2.67
-1.9834,2.71
-1.9814,2.69
-1.9794,2.71
-1.9774,2.71
-1.9754,2.71
-1.9734,2.69
-1.9714,2.67
-1.9694,2.75
-1.9674,2.65
-1.9654,2.73
-1.9634,2.67
-1.9614,2.69
-1.9594,2.71
-1.9574,2.67
-1.9554,2.75
-1.9534,2.73
-1.9514,2.93
-1.9494,3.07
-1.9474,3.11
-1.9454,3.15
-1.9434,3.09
-1.9414,2.71
-1.9394,2.73
-1.9374,2.69
-1.9354,2.69
-1.9334,2.69
-1.9314,2.69
-1.9294,2.71
-1.9274,2.71
-1.9254,2.73
-1.9234,2.71
-1.9214,2.65
-1.9194,2.71
-1.9174,2.75
-1.9154,2.69
-1.9134,2.71
-1.9114,2.69
-1.9094,2.67
-1.9074,2.71
-1.9054,3.13
-1.9034,3.05
-1.9014,3.15
-1.8994,3.09
-1.8974,3.11
-1.8954,3.11
-1.8934,3.11
-1.8914,3.11
-1.8894,2.93
-1.8874,2.69
-1.8854,2.69
-1.8834,2.69
-1.8814,2.69
-1.8794,2.71
-1.8774,2.69
-1.8754,2.71
-1.8734,2.69
-1.8714,2.71
-1.8694,2.69
-1.8674,2.71
-1.8654,2.69
-1.8634,2.67
-1.8614,2.93
-1.8594,2.97
-1.8574,3.15
-1.8554,3.05
-1.8534,3.07
-1.8514,3.09
-1.8494,3.09
-1.8474,3.13
-1.8454,3.07
-1.8434,3.09
-1.8414,3.07
-1.8394,3.09
-1.8374,2.95
-1.8354,2.69
-1.8334,2.73
-1.8314,2.69
-1.8294,2.73
-1.8274,2.69
-1.8254,2.69
-1.8234,2.69
-1.8214,2.67
-1.8194,2.69
-1.8174,2.73
-1.8154,2.85
-1.8134,3.05
-1.8114,3.13
-1.8094,3.09
-1.8074,3.09
-1.8054,3.11
-1.8034,3.11
-1.8014,3.09
-1.7994,3.07
-1.7974,3.13
-1.7954,3.09
-1.7934,3.09
-1.7914,3.11
-1.7894,3.11
-1.7874,3.09
-1.7854,2.73
-1.7834,2.73
-1.7814,2.71
-1.7794,2.71
-1.7774,2.67
-1.7754,2.67
-1.7734,2.73
-1.7714,2.73
-1.7694,2.81
-1.7674,3.07
-1.7654,3.13
-1.7634,3.09
-1.7614,3.13
-1.7594,3.11
-1.7574,3.13
-1.7554,3.13
-1.7534,3.13
-1.7514,3.09
-1.7494,3.11
-1.7474,3.11
-1.7454,3.09
-1.7434,3.09
-1.7414,3.07
-1.7394,3.11
-1.7374,3.11
-1.7354,3.09
-1.7334,2.69
-1.7314,2.69
-1.7294,2.67
-1.7274,2.67
-1.7254,2.69
-1.7234,3.09
-1.7214,3.07
-1.7194,3.11
-1.7174,3.13
-1.7154,3.07
-1.7134,3.11
-1.7114,3.13
-1.7094,3.11
-1.7074,3.11
-1.7054,3.07
-1.7034,3.11
-1.7014,3.15
-1.6994,3.07
-1.6974,3.13
-1.6954,3.09
-1.6934,3.11
-1.6914,3.07
-1.6894,3.09
-1.6874,3.15
-1.6854,3.09
-1.6834,3.05
-1.6814,2.71
-1.6794,2.71
-1.6774,2.87
-1.6754,3.03
-1.6734,3.09
-1.6714,3.17
-1.6694,3.09
-1.6674,3.11
-1.6654,3.09
-1.6634,3.07
-1.6614,3.09
-1.6594,3.15
-1.6574,3.07
-1.6554,3.07
-1.6534,3.15
-1.6514,3.09
-1.6494,3.09
-1.6474,3.15
-1.6454,3.07
-1.6434,3.05
-1.6414,3.07
-1.6394,3.07
-1.6374,3.05
-1.6354,3.09
-1.6334,3.09
-1.6314,2.75
-1.6294,3.05
-1.6274,3.13
-1.6254,3.13
-1.6234,3.07
-1.6214,3.11
-1.6194,3.13
-1.6174,3.13
-1.6154,3.09
-1.6134,3.07
-1.6114,3.11
-1.6094,3.11
-1.6074,3.11
-1.6054,3.09
-1.6034,3.07
-1.6014,3.11
-1.5994,3.09
-1.5974,3.11
-1.5954,3.15
-1.5934,3.15
-1.5914,3.09
-1.5894,3.09
-1.5874,3.05
-1.5854,3.41
-1.5834,3.35
-1.5814,3.55
-1.5794,3.11
-1.5773,3.11
-1.5753,3.19
-1.5733,3.11
-1.5713,3.09
-1.5693,3.11
-1.5673,3.05
-1.5653,3.11
-1.5633,3.11
-1.5613,3.07
-1.5593,3.13
-1.5573,3.09
-1.5553,3.13
-1.5533,3.09
-1.5513,3.09
-1.5493,3.13
-1.5473,3.11
-1.5453,3.09
-1.5433,3.15
-1.5413,3.11
-1.5393,3.09
-1.5373,3.09
-1.5353,3.51
-1.5333,3.49
-1.5313,3.49
-1.5293,3.49
-1.5273,3.13
-1.5253,3.07
-1.5233,3.05
-1.5213,3.11
-1.5193,3.11
-1.5173,3.11
-1.5153,3.15
-1.5133,3.11
-1.5113,3.09
-1.5093,3.13
-1.5073,3.13
-1.5053,3.11
-1.5033,3.11
-1.5013,3.09
-1.4993,3.11
-1.4973,3.07
-1.4953,3.09
-1.4933,3.07
-1.4913,3.11
-1.4893,3.13
-1.4873,3.41
-1.4853,3.47
-1.4833,3.47
-1.4813,3.51
-1.4793,3.49
-1.4773,3.13
-1.4753,3.09
-1.4733,3.11
-1.4713,3.15
-1.4693,3.11
-1.4673,3.09
-1.4653,3.11
-1.4633,3.03
-1.4613,3.07
-1.4593,3.07
-1.4573,3.13
-1.4553,3.05
-1.4533,3.15
-1.4513,3.13
-1.4493,3.09
-1.4473,3.09
-1.4453,3.11
-1.4433,3.09
-1.4413,3.47
-1.4393,3.41
-1.4373,3.51
-1.4353,3.53
-1.4333,3.47
-1.4313,3.47
-1.4293,3.49
-1.4273,3.09
-1.4253,3.05
-1.4233,3.13
-1.4213,3.09
-1.4193,3.09
-1.4173,3.11
-1.4153,3.11
-1.4133,3.09
-1.4113,3.09
-1.4093,3.09
-1.4073,3.09
-1.4053,3.05
-1.4033,3.11
-1.4013,3.09
-1.3993,3.07
-1.3973,3.15
-1.3953,3.11
-1.3933,3.21
-1.3913,3.49
-1.3893,3.55
-1.3873,3.49
-1.3853,3.51
-1.3833,3.49
-1.3813,3.51
-1.3793,3.53
-1.3773,3.11
-1.3753,3.13
-1.3733,3.07
-1.3713,3.13
-1.3693,3.13
-1.3673,3.13
-1.3653,3.09
-1.3633,3.09
-1.3613,3.07
-1.3593,3.11
-1.3573,3.07
-1.3553,3.11
-1.3533,3.11
-1.3513,3.05
-1.3493,3.09
-1.3473,3.25
-1.3453,3.23
-1.3433,3.51
-1.3413,3.51
-1.3393,3.51
-1.3373,3.49
-1.3353,3.51
-1.3333,3.51
-1.3313,3.49
-1.3293,3.05
-1.3273,3.09
-1.3253,3.05
-1.3233,3.09
-1.3213,3.13
-1.3193,3.11
-1.3173,3.09
-1.3153,3.09
-1.3133,3.11
-1.3113,3.13
-1.3093,3.11
-1.3073,3.05
-1.3053,3.11
-1.3033,3.09
-1.3013,3.09
-1.2993,3.07
-1.2973,3.53
-1.2953,3.51
-1.2933,3.53
-1.2913,3.51
-1.2893,3.49
-1.2873,3.49
-1.2853,3.49
-1.2833,3.43
-1.2813,3.49
-1.2793,3.09
-1.2773,3.05
-1.2753,3.07
-1.2733,3.07
-1.2713,3.13
-1.2693,3.13
-1.2673,3.07
-1.2653,3.13
-1.2633,3.07
-1.2613,3.11
-1.2593,3.07
-1.2573,3.09
-1.2553,3.05
-1.2533,3.11
-1.2513,3.11
-1.2493,3.17
-1.2473,3.53
-1.2453,3.49
-1.2433,3.49
-1.2413,3.51
-1.2393,3.51
-1.2373,3.55
-1.2353,3.53
-1.2333,3.49
-1.2313,3.13
-1.2293,3.11
-1.2273,3.11
-1.2253,3.07
-1.2233,3.11
-1.2213,3.09
-1.2193,3.09
-1.2173,3.09
-1.2153,3.09
-1.2133,3.11
-1.2113,3.07
-1.2093,3.11
-1.2073,3.11
-1.2053,3.07
-1.2033,3.13
-1.2013,3.09
-1.1993,3.35
-1.1973,3.47
-1.1953,3.47
-1.1933,3.55
-1.1913,3.53
-1.1893,3.53
-1.1873,3.53
-1.1853,3.49
-1.1833,3.07
-1.1813,3.11
-1.1793,3.13
-1.1773,3.09
-1.1753,3.09
-1.1733,3.09
-1.1713,3.09
-1.1693,3.13
-1.1673,3.11
-1.1653,3.07
-1.1633,3.07
-1.1613,3.09
-1.1593,3.07
-1.1573,3.07
-1.1553,3.07
-1.1533,3.09
-1.1513,3.13
-1.1493,3.43
-1.1473,3.47
-1.1453,3.51
-1.1433,3.49
-1.1413,3.51
-1.1393,3.49
-1.1373,3.57
-1.1353,3.05
-1.1333,3.07
-1.1313,3.07
-1.1293,3.07
-1.1273,3.11
-1.1253,3.13
-1.1233,3.09
-1.1213,3.09
-1.1193,3.11
-1.1173,3.13
-1.1153,3.11
-1.1133,3.07
-1.1113,3.11
-1.1093,3.09
-1.1073,3.09
-1.1053,3.11
-1.1033,3.21
-1.1013,3.17
-1.0993,3.43
-1.0973,3.49
-1.0953,3.45
-1.0933,3.51
-1.0913,3.49
-1.0893,3.53
-1.0873,3.11
-1.0853,3.07
-1.0833,3.11
-1.0813,3.07
-1.0793,3.11
-1.0773,3.09
-1.0753,3.09
-1.0733,3.09
-1.0713,3.13
-1.0693,3.07
-1.0673,3.09
-1.0653,3.11
-1.0633,3.13
-1.0613,3.09
-1.0593,3.15
-1.0573,3.11
-1.0553,3.11
-1.0533,3.21
-1.0512,3.07
-1.0492,3.25
-1.0472,3.49
-1.0452,3.51
-1.0432,3.47
-1.0412,3.49
-1.0392,3.53
-1.0372,3.11
-1.0352,3.09
-1.0332,3.09
-1.0312,3.07
-1.0292,3.05
-1.0272,3.07
-1.0252,3.13
-1.0232,3.09
-1.0212,3.07
-1.0192,3.11
-1.0172,3.07
-1.0152,3.07
-1.0132,3.07
-1.0112,3.07
-1.0092,3.09
-1.0072,3.11
-1.0052,3.09
-1.0032,3.15
-1.0012,3.11
-0.9992,3.27
-0.9972,3.57
-0.9952,3.49
-0.9932,3.53
-0.9912,3.11
-0.9892,3.11
-0.9872,3.11
-0.9852,3.11
-0.9832,3.11
-0.9812,3.09
-0.9792,3.07
-0.9772,3.09
-0.9752,3.05
-0.9732,3.07
-0.9712,3.09
-0.9692,3.13
-0.9672,3.05
-0.9652,3.07
-0.9632,3.13
-0.9612,3.05
-0.9592,3.11
-0.9572,3.09
-0.9552,3.11
-0.9532,3.15
-0.9512,3.11
-0.9492,3.21
-0.9472,3.55
-0.9452,3.29
-0.9432,3.11
-0.9412,3.11
-0.9392,3.15
-0.9372,3.11
-0.9352,3.15
-0.9332,3.11
-0.9312,3.05
-0.9292,3.05
-0.9272,3.09
-0.9252,3.13
-0.9232,3.09
-0.9212,3.13
-0.9192,3.09
-0.9172,3.09
-0.9152,3.11
-0.9132,3.15
-0.9112,3.07
-0.9092,3.09
-0.9072,3.05
-0.9052,3.13
-0.9032,3.11
-0.9012,3.07
-0.8992,3.05
-0.8972,3.09
-0.8952,3.11
-0.8932,3.09
-0.8912,3.09
-0.8892,3.15
-0.8872,3.03
-0.8852,3.09
-0.8832,3.11
-0.8812,3.09
-0.8792,3.09
-0.8772,3.09
-0.8752,3.13
-0.8732,3.11
-0.8712,3.13
-0.8692,3.13
-0.8672,3.07
-0.8652,3.11
-0.8632,3.11
-0.8612,3.13
-0.8592,3.07
-0.8572,3.11
-0.8552,3.09
-0.8532,3.13
-0.8512,2.67
-0.8492,2.71
-0.8472,3.07
-0.8452,2.99
-0.8432,3.09
-0.8412,3.07
-0.8392,3.13
-0.8372,3.09
-0.8352,3.13
-0.8332,3.11
-0.8312,3.07
-0.8292,3.11
-0.8272,3.13
-0.8252,3.13
-0.8232,3.07
-0.8212,3.13
-0.8192,3.11
-0.8172,3.05
-0.8152,3.11
-0.8132,3.09
-0.8112,3.11
-0.8092,3.13
-0.8072,3.11
-0.8052,2.69
-0.8032,2.69
-0.8012,2.71
-0.7992,2.69
-0.7972,2.87
-0.7952,2.77
-0.7932,3.07
-0.7912,3.09
-0.7892,3.11
-0.7872,3.09
-0.7852,3.11
-0.7832,3.11
-0.7812,3.13
-0.7792,3.09
-0.7772,3.11
-0.7752,3.11
-0.7732,3.11
-0.7712,3.09
-0.7692,3.13
-0.7672,3.15
-0.7652,3.07
-0.7632,3.11
-0.7612,3.07
-0.7592,2.71
-0.7572,2.67
-0.7552,2.73
-0.7532,2.65
-0.7512,2.69
-0.7492,2.71
-0.7472,2.67
-0.7452,2.69
-0.7432,2.79
-0.7412,3.09
-0.7392,3.09
-0.7372,3.07
-0.7352,3.09
-0.7332,3.11
-0.7312,3.07
-0.7292,3.07
-0.7272,3.09
-0.7252,3.09
-0.7232,3.13
-0.7212,3.13
-0.7192,3.11
-0.7172,3.09
-0.7152,2.75
-0.7132,2.69
-0.7112,2.71
-0.7092,2.65
-0.7072,2.71
-0.7052,2.67
-0.7032,2.69
-0.7012,2.69
-0.6992,2.69
-0.6972,2.69
-0.6952,2.69
-0.6932,2.63
-0.6912,3.11
-0.6892,3.05
-0.6872,3.09
-0.6852,3.11
-0.6832,3.11
-0.6812,3.07
-0.6792,3.07
-0.6772,3.11
-0.6752,3.07
-0.6732,3.07
-0.6712,3.11
-0.6692,2.71
-0.6672,2.69
-0.6652,2.69
-0.6632,2.71
-0.6612,2.67
-0.6592,2.69
-0.6572,2.69
-0.6552,2.71
-0.6532,2.71
-0.6512,2.69
-0.6492,2.67
-0.6472,2.73
-0.6452,2.65
-0.6432,2.67
-0.6412,2.81
-0.6392,2.85
-0.6372,3.09
-0.6352,3.11
-0.6332,3.11
-0.6312,3.13
-0.6292,3.11
-0.6272,3.11
-0.6252,3.07
-0.6232,2.67
-0.6212,2.75
-0.6192,2.69
-0.6172,2.69
-0.6152,2.73
-0.6132,2.69
-0.6112,2.73
-0.6092,2.67
-0.6072,2.69
-0.6052,2.67
-0.6032,2.73
-0.6012,2.71
-0.5992,2.69
-0.5972,2.69
-0.5952,2.67
-0.5932,2.71
-0.5912,2.67
-0.5892,2.71
-0.5872,2.91
-0.5852,3.05
-0.5832,3.09
-0.5812,3.09
-0.5792,2.69
-0.5772,2.69
-0.5752,2.71
-0.5732,2.65
-0.5712,2.75
-0.5692,2.67
-0.5672,2.67
-0.5652,2.69
-0.5632,2.67
-0.5612,2.73
-0.5592,2.67
-0.5572,2.73
-0.5552,2.77
-0.5532,2.71
-0.5512,2.77
-0.5492,2.69
-0.5472,2.69
-0.5452,2.71
-0.5432,2.69
-0.5412,2.73
-0.5392,2.73
-0.5372,2.71
-0.5352,2.97
-0.5332,2.55
-0.5312,2.69
-0.5292,2.71
-0.5272,2.69
-0.5251,2.69
-0.5231,2.67
-0.5211,2.69
-0.5191,2.71
-0.5171,2.73
-0.5151,2.69
-0.5131,2.71
-0.5111,2.73
-0.5091,2.69
-0.5071,2.75
-0.5051,2.69
-0.5031,2.67
-0.5011,2.71
-0.4991,2.69
-0.4971,2.69
-0.4951,2.69
-0.4931,2.69
-0.4911,2.73
-0.4891,2.69
-0.4871,2.57
-0.4851,2.2901
-0.4831,2.2901
-0.4811,2.3101
-0.4791,2.69
-0.4771,2.63
-0.4751,2.67
-0.4731,2.73
-0.4711,2.67
-0.4691,2.71
-0.4671,2.73
-0.4651,2.71
-0.4631,2.65
-0.4611,2.69
-0.4591,2.67
-0.4571,2.73
-0.4551,2.73
-0.4531,2.73
-0.4511,2.67
-0.4491,2.67
-0.4471,2.73
-0.4451,2.69
-0.4431,2.67
-0.4411,2.3101
-0.4391,2.2901
-0.4371,2.3101
-0.4351,2.3101
-0.4331,2.3301
-0.4311,2.3301
-0.4291,2.2901
-0.4271,2.49
-0.4251,2.59
-0.4231,2.71
-0.4211,2.69
-0.4191,2.71
-0.4171,2.69
-0.4151,2.67
-0.4131,2.67
-0.4111,2.67
-0.4091,2.65
-0.4071,2.71
-0.4051,2.73
-0.4031,2.69
-0.4011,2.71
-0.3991,2.69
-0.3971,2.2901
-0.3951,2.2701
-0.3931,2.3301
-0.3911,2.3101
-0.3891,2.3101
-0.3871,2.2501
-0.3851,2.2701
-0.3831,2.3101
-0.3811,2.2701
-0.3791,2.3301
-0.3771,2.35
-0.3751,2.51
-0.3731,2.67
-0.3711,2.65
-0.3691,2.73
-0.3671,2.71
-0.3651,2.71
-0.3631,2.71
-0.3611,2.69
-0.3591,2.75
-0.3571,2.73
-0.3551,2.71
-0.3531,2.45
-0.3511,2.2901
-0.3491,2.2701
-0.3471,2.3101
-0.3451,2.3101
-0.3431,2.3301
-0.3411,2.2701
-0.3391,2.3101
-0.3371,2.2701
-0.3351,2.2901
-0.3331,2.2901
-0.3311,2.2901
-0.3291,2.2901
-0.3271,2.2501
-0.3251,2.35
-0.3231,2.45
-0.3211,2.53
-0.3191,2.59
-0.3171,2.71
-0.3151,2.67
-0.3131,2.73
-0.3111,2.73
-0.3091,2.71
-0.3071,2.2901
-0.3051,2.3101
-0.3031,2.2901
-0.3011,2.2901
-0.2991,2.2701
-0.2971,2.2901
-0.2951,2.3301
-0.2931,2.3101
-0.2911,2.3101
-0.2891,2.2701
-0.2871,2.35
-0.2851,2.35
-0.2831,2.2901
-0.2811,2.37
-0.2791,2.3301
-0.2771,2.3101
-0.2751,2.3101
-0.2731,2.3301
-0.2711,2.41
-0.2691,2.53
-0.2671,2.65
-0.2651,2.69
-0.2631,2.3101
-0.2611,2.3101
-0.2591,2.2701
-0.2571,2.2901
-0.2551,2.2701
-0.2531,2.2901
-0.2511,2.2901
-0.2491,2.3101
-0.2471,2.3101
-0.2451,2.3101
-0.2431,2.3101
-0.2411,2.3101
-0.2391,2.2701
-0.2371,2.2901
-0.2351,2.2701
-0.2331,2.3101
-0.2311,2.2901
-0.2291,2.3101
-0.2271,2.2901
-0.2251,2.3101
-0.2231,2.2901
-0.2211,2.3301
-0.2191,1.99
-0.2171,2.2101
-0.2151,2.3101
-0.2131,2.3301
-0.2111,2.3101
-0.2091,2.3301
-0.2071,2.3101
-0.2051,2.3101
-0.2031,2.2901
-0.2011,2.3301
-0.1991,2.35
-0.1971,2.3101
-0.1951,2.2701
-0.1931,2.35
-0.1911,2.2701
-0.1891,2.2901
-0.1871,2.2501
-0.1851,2.2901
-0.1831,2.2901
-0.1811,2.3101
-0.1791,2.3101
-0.1771,2.2901
-0.1751,2.3301
-0.1731,1.99
-0.1711,1.9701
-0.1691,1.85
-0.1671,1.91
-0.1651,1.91
-0.1631,2.2901
-0.1611,2.2901
-0.1591,2.2701
-0.1571,2.2701
-0.1551,2.35
-0.1531,2.3101
-0.1511,2.2701
-0.1491,2.3101
-0.1471,2.2901
-0.1451,2.2901
-0.1431,2.3101
-0.1411,2.2901
-0.1391,2.2901
-0.1371,2.35
-0.1351,2.2701
-0.1331,2.3101
-0.1311,2.2701
-0.1291,2.0301
-0.1271,2.0901
-0.1251,1.9501
-0.1231,1.87
-0.1211,1.9101
-0.1191,1.87
-0.1171,1.91
-0.1151,1.89
-0.1131,1.89
-0.1111,2.1301
-0.1091,2.2901
-0.1071,2.3301
-0.1051,2.2901
-0.1031,2.2501
-0.1011,2.3101
-0.0991,2.2301
-0.0971,2.35
-0.0951,2.2501
-0.0931,2.35
-0.0911,2.2901
-0.0891,2.2901
-0.0871,2.3301
-0.0851,2.3101
-0.0831,2.1501
-0.0811,2.0301
-0.0791,1.87
-0.0771,1.87
-0.0751,1.93
-0.0731,1.93
-0.0711,1.93
-0.0691,1.93
-0.0671,1.91
-0.0651,1.93
-0.0631,1.8901
-0.0611,1.91
-0.0591,1.89
-0.0571,2.2901
-0.0551,2.2901
-0.0531,2.2701
-0.0511,2.3301
-0.0491,2.2701
-0.0471,2.3301
-0.0451,2.2901
-0.0431,2.2701
-0.0411,2.3101
-0.0391,2.2901
-0.0371,2.1101
-0.0351,1.8901
-0.0331,1.8901
-0.0311,1.9101
-0.0291,1.91
-0.0271,1.9501
-0.0251,1.8901
-0.0231,1.93
-0.0211,1.9101
-0.0191,1.89
-0.0171,1.91
-0.0151,1.9701
-0.0131,1.91
-0.0111,1.89
-0.0091,1.87
-0.0071,1.8501
-0.0051,1.97
-0.0031,2.3101
-0.0011,2.3301
0.001,2.3101
0.003,2.2701
0.005,2.3101
0.007,2.2701
0.009,2.0901
0.011,2.0301
0.013,1.91
0.015,1.93
0.017,1.89
0.019,1.89
0.021,1.9501
0.023,1.95
0.025,1.91
0.027,1.93
0.029,1.93
0.031,1.87
0.033,1.91
0.035,1.93
0.037,1.91
0.039,1.89
0.041,1.89
0.043,1.9501
0.045,1.89
0.047,1.89
0.049,1.89
0.051,2.3301
0.053,2.1901
0.055,2.0701
0.057,1.91
0.059,1.8901
0.061,1.87
0.063,1.87
0.065,1.95
0.067,1.89
0.069,1.87
0.071,1.93
0.073,1.9101
0.075,1.91
0.077,1.93
0.079,1.8901
0.081,1.91
0.083,1.93
0.085,1.93
0.087,1.91
0.089,1.9101
0.091,1.9101
0.093,1.93
0.095,1.93
0.097,1.93
0.099,1.85
0.101,1.65
0.103,1.75
0.105,1.9101
0.107,1.87
0.109,1.93
0.111,1.93
0.113,1.87
0.115,1.89
0.117,1.91
0.119,1.89
0.121,1.89
0.123,1.93
0.125,1.91
0.127,1.8901
0.129,1.93
0.131,1.89
0.133,1.9101
0.135,1.87
0.137,1.93
0.139,1.89
0.141,1.89
0.143,1.87
0.145,1.67
0.147,1.49
0.149,1.53
0.151,1.49
0.153,1.53
0.155,1.55
0.157,1.8901
0.159,1.93
0.161,1.87
0.163,1.8901
0.165,1.91
0.167,1.85
0.169,1.87
0.171,1.91
0.173,1.91
0.175,1.87
0.177,1.93
0.179,1.9101
0.181,1.91
0.183,1.91
0.185,1.93
0.187,1.89
0.189,1.9101
0.191,1.55
0.193,1.49
0.195,1.51
0.197,1.49
0.199,1.51
0.201,1.49
0.203,1.51
0.205,1.51
0.207,1.51
0.209,1.93
0.211,1.9101
0.213,1.93
0.215,1.9101
0.217,1.9501
0.219,1.91
0.221,1.9501
0.223,1.9101
0.225,1.87
0.227,1.93
0.229,1.93
0.231,1.89
0.233,1.91
0.235,1.71
0.237,1.65
0.239,1.49
0.241,1.49
0.243,1.51
0.245,1.49
0.247,1.55
0.249,1.51
0.251,1.49
0.253,1.47
0.255,1.51
0.257,1.51
0.259,1.53
0.261,1.93
0.263,1.8901
0.265,1.93
0.267,1.9101
0.269,1.91
0.271,1.91
0.273,1.89
0.275,1.91
0.277,1.89
0.279,1.8901
0.281,1.77
0.283,1.61
0.285,1.51
0.287,1.49
0.289,1.51
0.291,1.55
0.293,1.49
0.295,1.51
0.297,1.51
0.299,1.49
0.301,1.51
0.303,1.53
0.305,1.53
0.307,1.51
0.309,1.57
0.311,1.53
0.313,1.89
0.315,1.91
0.317,1.8901
0.319,1.87
0.321,1.91
0.323,1.8901
0.325,1.91
0.327,1.81
0.329,1.53
0.331,1.51
0.333,1.51
0.335,1.55
0.337,1.51
0.339,1.51
0.341,1.51
0.343,1.51
0.345,1.51
0.347,1.57
0.349,1.51
0.351,1.53
0.353,1.49
0.355,1.53
0.357,1.53
0.359,1.53
0.361,1.51
0.363,1.53
0.365,1.93
0.367,1.91
0.369,1.93
0.371,1.91
0.373,1.57
0.375,1.51
0.377,1.51
0.379,1.49
0.381,1.55
0.383,1.53
0.385,1.51
0.387,1.49
0.389,1.47
0.391,1.61
0.393,1.53
0.395,1.55
0.397,1.55
0.399,1.49
0.401,1.51
0.403,1.55
0.405,1.53
0.407,1.51
0.409,1.53
0.411,1.53
0.413,1.53
0.415,1.89
0.417,1.81
0.419,1.73
0.421,1.51
0.423,1.55
0.425,1.49
0.427,1.51
0.429,1.49
0.431,1.53
0.433,1.49
0.435,1.55
0.437,1.53
0.439,1.49
0.441,1.53
0.443,1.49
0.445,1.51
0.447,1.49
0.449,1.57
0.451,1.49
0.453,1.53
0.455,1.53
0.457,1.55
0.459,1.55
0.461,1.49
0.463,1.51
0.465,1.49
0.467,1.51
0.469,1.51
0.471,1.51
0.473,1.57
0.475,1.53
0.477,1.51
0.479,1.59
0.481,1.49
0.483,1.53
0.485,1.53
0.487,1.49
0.489,1.49
0.491,1.55
0.493,1.61
0.495,1.51
0.497,1.51
0.499,1.51
0.501,1.47
0.503,1.53
0.505,1.53
0.507,1.51
0.509,1.55
0.511,1.39
0.513,1.31
0.515,1.11
0.517,1.49
0.519,1.51
0.521,1.49
0.523,1.57
0.525,1.51
0.5271,1.49
0.5291,1.53
0.5311,1.51
0.5331,1.49
0.5351,1.51
0.5371,1.51
0.5391,1.53
0.5411,1.53
0.5431,1.55
0.5451,1.49
0.5471,1.53
0.5491,1.53
0.5511,1.51
0.5531,1.57
0.5551,1.53
0.5571,1.51
0.5591,1.55
0.5611,1.19
0.5631,1.19
0.5651,1.09
0.5671,1.13
0.5691,1.11
0.5711,1.51
0.5731,1.51
0.5751,1.49
0.5771,1.51
0.5791,1.51
0.5811,1.53
0.5831,1.51
0.5851,1.51
0.5871,1.53
0.5891,1.57
0.5911,1.55
0.5931,1.53
0.5951,1.55
0.5971,1.55
0.5991,1.49
0.6011,1.53
0.6031,1.55
0.6051,1.55
0.6071,1.47
0.6091,1.33
0.6111,1.11
0.6131,1.13
0.6151,1.13
0.6171,1.15
0.6191,1.15
0.6211,1.51
0.6231,1.53
0.6251,1.51
0.6271,1.51
0.6291,1.51
0.6311,1.51
0.6331,1.51
0.6351,1.53
0.6371,1.51
0.6391,1.53
0.6411,1.53
0.6431,1.51
0.6451,1.47
0.6471,1.59
0.6491,1.49
0.6511,1.51
0.6531,1.53
0.6551,1.13
0.6571,1.21
0.6591,1.15
0.6611,1.09
0.6631,1.15
0.6651,1.11
0.6671,1.15
0.6691,1.19
0.6711,1.57
0.6731,1.51
0.6751,1.47
0.6771,1.51
0.6791,1.49
0.6811,1.55
0.6831,1.49
0.6851,1.49
0.6871,1.47
0.6891,1.53
0.6911,1.49
0.6931,1.53
0.6951,1.49
0.6971,1.53
0.6991,1.47
0.7011,1.51
0.7031,1.53
0.7051,1.11
0.7071,1.13
0.7091,1.09
0.7111,1.13
0.7131,1.11
0.7151,1.11
0.7171,1.15
0.7191,1.49
0.7211,1.51
0.7231,1.53
0.7251,1.53
0.7271,1.49
0.7291,1.51
0.7311,1.53
0.7331,1.47
0.7351,1.51
0.7371,1.51
0.7391,1.51
0.7411,1.51
0.7431,1.55
0.7451,1.51
0.7471,1.55
0.7491,1.51
0.7511,1.51
0.7531,1.13
0.7551,1.13
0.7571,1.11
0.7591,1.09
0.7611,1.13
0.7631,1.13
0.7651,1.13
0.7671,1.13
0.7691,1.53
0.7711,1.47
0.7731,1.49
0.7751,1.51
0.7771,1.51
0.7791,1.53
0.7811,1.51
0.7831,1.49
0.7851,1.55
0.7871,1.53
0.7891,1.49
0.7911,1.55
0.7931,1.53
0.7951,1.51
0.7971,1.53
0.7991,1.31
0.8011,1.23
0.8031,1.15
0.8051,1.11
0.8071,1.15
0.8091,1.13
0.8111,1.09
0.8131,1.15
0.8151,1.13
0.8171,1.55
0.8191,1.47
0.8211,1.49
0.8231,1.55
0.8251,1.51
0.8271,1.57
0.8291,1.51
0.8311,1.49
0.8331,1.53
0.8351,1.47
0.8371,1.53
0.8391,1.53
0.8411,1.51
0.8431,1.51
0.8451,1.55
0.8471,1.53
0.8491,1.11
0.8511,1.11
0.8531,1.13
0.8551,1.11
0.8571,1.09
0.8591,1.13
0.8611,1.11
0.8631,1.13
0.8651,1.49
0.8671,1.49
0.8691,1.53
0.8711,1.51
0.8731,1.55
0.8751,1.53
0.8771,1.51
0.8791,1.57
0.8811,1.49
0.8831,1.51
0.8851,1.53
0.8871,1.51
0.8891,1.53
0.8911,1.55
0.8931,1.51
0.8951,1.51
0.8971,1.37
0.8991,1.13
0.9011,1.13
0.9031,1.15
0.9051,1.11
0.9071,1.11
0.9091,1.13
0.9111,1.13
0.9131,1.39
0.9151,1.51
0.9171,1.49
0.9191,1.51
0.9211,1.49
0.9231,1.51
0.9251,1.51
0.9271,1.51
0.9291,1.55
0.9311,1.53
0.9331,1.51
0.9351,1.53
0.9371,1.51
0.9391,1.51
0.9411,1.51
0.9431,1.55
0.9451,1.53
0.9471,1.23
0.9491,1.13
0.9511,1.13
0.9531,1.15
0.9551,1.13
0.9571,1.13
0.9591,1.13
0.9611,1.51
0.9631,1.53
0.9651,1.49
0.9671,1.55
0.9691,1.51
0.9711,1.49
0.9731,1.55
0.9751,1.51
0.9771,1.53
0.9791,1.57
0.9811,1.51
0.9831,1.53
0.9851,1.55
0.9871,1.53
0.9891,1.53
0.9911,1.53
0.9931,1.53
0.9951,1.47
0.9971,1.29
0.9991,1.13
1.0011,1.13
1.0031,1.15
1.0051,1.07
1.0071,1.13
1.0091,1.53
1.0111,1.51
1.0131,1.51
1.0151,1.51
1.0171,1.49
1.0191,1.53
1.0211,1.49
1.0231,1.51
1.0251,1.49
1.0271,1.47
1.0291,1.57
1.0311,1.51
1.0331,1.53
1.0351,1.53
1.0371,1.49
1.0391,1.51
1.0411,1.49
1.0431,1.51
1.0451,1.47
1.0471,1.23
1.0491,1.11
1.0511,1.13
1.0532,1.13
1.0552,1.13
1.0572,1.15
1.0592,1.51
1.0612,1.55
1.0632,1.53
1.0652,1.49
1.0672,1.53
1.0692,1.55
1.0712,1.45
1.0732,1.53
1.0752,1.51
1.0772,1.49
1.0792,1.53
1.0812,1.53
1.0832,1.51
1.0852,1.53
1.0872,1.51
1.0892,1.51
1.0912,1.53
1.0932,1.53
1.0952,1.49
1.0972,1.51
1.0992,1.13
1.1012,1.17
1.1032,1.11
1.1052,1.53
1.1072,1.47
1.1092,1.51
1.1112,1.53
1.1132,1.53
1.1152,1.49
1.1172,1.49
1.1192,1.53
1.1212,1.53
1.1232,1.51
1.1252,1.53
1.1272,1.51
1.1292,1.51
1.1312,1.51
1.1332,1.49
1.1352,1.51
1.1372,1.57
1.1392,1.51
1.1412,1.51
1.1432,1.53
1.1452,1.51
1.1472,1.49
1.1492,1.13
1.1512,1.31
1.1532,1.53
1.1552,1.51
1.1572,1.51
1.1592,1.49
1.1612,1.51
1.1632,1.53
1.1652,1.49
1.1672,1.53
1.1692,1.53
1.1712,1.53
1.1732,1.53
1.1752,1.53
1.1772,1.51
1.1792,1.53
1.1812,1.53
1.1832,1.51
1.1852,1.51
1.1872,1.49
1.1892,1.53
1.1912,1.49
1.1932,1.53
1.1952,1.49
1.1972,1.49
1.1992,1.73
1.2012,1.69
1.2032,1.53
1.2052,1.53
1.2072,1.55
1.2092,1.51
1.2112,1.55
1.2132,1.53
1.2152,1.53
1.2172,1.49
1.2192,1.53
1.2212,1.51
1.2232,1.55
1.2252,1.49
1.2272,1.51
1.2292,1.57
1.2312,1.51
1.2332,1.47
1.2352,1.53
1.2372,1.49
1.2392,1.51
1.2412,1.53
1.2432,1.47
1.2452,1.89
1.2472,1.9101
1.2492,1.81
1.2512,1.85
1.2532,1.53
1.2552,1.51
1.2572,1.55
1.2592,1.47
1.2612,1.53
1.2632,1.51
1.2652,1.49
1.2672,1.51
1.2692,1.51
1.2712,1.53
1.2732,1.53
1.2752,1.53
1.2772,1.53
1.2792,1.55
1.2812,1.51
1.2832,1.49
1.2852,1.55
1.2872,1.53
1.2892,1.51
1.2912,1.91
1.2932,1.93
1.2952,1.89
1.2972,1.93
1.2992,1.93
1.3012,1.9101
1.3032,1.81
1.3052,1.51
1.3072,1.51
1.3092,1.53
1.3112,1.49
1.3132,1.51
1.3152,1.55
1.3172,1.49
1.3192,1.47
1.3212,1.49
1.3232,1.51
1.3252,1.51
1.3272,1.53
1.3292,1.55
1.3312,1.51
1.3332,1.53
1.3352,1.65
1.3372,1.91
1.3392,1.9101
1.3412,1.93
1.3432,1.89
1.3452,1.87
1.3472,1.9101
1.3492,1.9501
1.3512,1.93
1.3532,1.8901
1.3552,1.55
1.3572,1.51
1.3592,1.45
1.3612,1.55
1.3632,1.51
1.3652,1.53
1.3672,1.57
1.3692,1.53
1.3712,1.51
1.3732,1.53
1.3752,1.53
1.3772,1.51
1.3792,1.55
1.3812,1.9101
1.3832,1.89
1.3852,1.93
1.3872,1.93
1.3892,1.93
1.3912,1.93
1.3932,1.93
1.3952,1.91
1.3972,1.89
1.3992,1.93
1.4012,1.91
1.4032,1.91
1.4052,1.67
1.4072,1.67
1.4092,1.53
1.4112,1.53
1.4132,1.49
1.4152,1.51
1.4172,1.53
1.4192,1.51
1.4212,1.53
1.4232,1.53
1.4252,1.49
1.4272,1.89
1.4292,1.93
1.4312,1.9701
1.4332,1.91
1.4352,1.91
1.4372,1.89
1.4392,1.87
1.4412,1.93
1.4432,1.93
1.4452,1.87
1.4472,1.93
1.4492,1.9101
1.4512,1.89
1.4532,1.91
1.4552,1.87
1.4572,1.83
1.4592,1.67
1.4612,1.53
1.4632,1.49
1.4652,1.51
1.4672,1.53
1.4692,1.51
1.4712,1.53
1.4732,1.91
1.4752,1.8901
1.4772,1.89
1.4792,1.93
1.4812,1.93
1.4832,1.9501
1.4852,1.91
1.4872,1.93
1.4892,1.91
1.4912,1.91
1.4932,1.9501
1.4952,1.91
1.4972,1.87
1.4992,1.9501
1.5012,1.89
1.5032,1.93
1.5052,1.89
1.5072,1.91
1.5092,1.83
1.5112,1.57
1.5132,1.61
1.5152,1.51
1.5172,1.91
1.5192,1.9501
1.5212,1.93
1.5232,1.95
1.5252,1.9101
1.5272,1.89
1.5292,1.9501
1.5312,1.87
1.5332,1.8901
1.5352,1.89
1.5372,1.91
1.5392,1.93
1.5412,1.93
1.5432,1.87
1.5452,1.9101
1.5472,1.85
1.5492,1.91
1.5512,1.87
1.5532,1.87
1.5552,1.9101
1.5572,1.89
1.5592,1.91
1.5612,1.8501
1.5632,2.2101
1.5652,2.0501
1.5672,1.8901
1.5692,1.9101
1.5712,1.89
1.5732,1.93
1.5752,1.85
1.5772,1.89
1.5793,1.8901
1.5813,1.87
1.5833,1.93
1.5853,1.87
1.5873,1.9501
1.5893,1.89
1.5913,1.9501
1.5933,1.93
1.5953,1.9101
1.5973,1.91
1.5993,1.9101
1.6013,1.8901
1.6033,1.89
1.6053,1.93
1.6073,1.89
1.6093,2.3101
1.6113,2.3101
1.6133,2.2901
1.6153,2.3101
1.6173,2.1501
1.6193,2.0701
1.6213,1.9701
1.6233,1.91
1.6253,1.9101
1.6273,1.87
1.6293,1.91
1.6313,1.9501
1.6333,1.9101
1.6353,1.8901
1.6373,1.9701
1.6393,1.91
1.6413,1.9101
1.6433,1.95
1.6453,1.89
1.6473,1.8901
1.6493,1.9701
1.6513,1.89
1.6533,1.9701
1.6553,2.37
1.6573,2.2701
1.6593,2.3101
1.6613,2.2901
1.6633,2.3101
1.6653,2.2901
1.6673,2.2901
1.6693,2.1901
1.6713,2.0501
1.6733,1.89
1.6753,1.9101
1.6773,1.85
1.6793,1.9101
1.6813,1.89
1.6833,1.9501
1.6853,1.93
1.6873,1.9501
1.6893,1.91
1.6913,1.89
1.6933,1.97
1.6953,1.89
1.6973,1.9101
1.6993,2.2901
1.7013,2.3301
1.7033,2.2901
1.7053,2.2901
1.7073,2.2901
1.7093,2.3101
1.7113,2.3101
1.7133,2.2901
1.7153,2.3101
1.7173,2.3301
1.7193,2.3101
1.7213,2.1301
1.7233,2.0901
1.7253,2.0701
1.7273,1.93
1.7293,1.89
1.7313,1.9101
1.7333,1.8901
1.7353,1.95
1.7373,1.93
1.7393,1.91
1.7413,1.93
1.7433,2.2901
1.7453,2.3301
1.7473,2.3101
1.7493,2.3301
1.7513,2.2701
1.7533,2.3301
1.7553,2.2701
1.7573,2.2501
1.7593,2.2701
1.7613,2.3301
1.7633,2.2701
1.7653,2.2701
1.7673,2.3101
1.7693,2.2901
1.7713,2.2701
1.7733,2.2501
1.7753,2.2101
1.7773,2.0901
1.7793,1.95
1.7813,1.91
1.7833,1.87
1.7853,1.89
1.7873,1.9501
1.7893,2.3101
1.7913,2.3101
1.7933,2.3101
1.7953,2.2701
1.7973,2.2901
1.7993,2.2501
1.8013,2.2901
1.8033,2.2901
1.8053,2.2701
1.8073,2.2901
1.8093,2.2701
1.8113,2.3101
1.8133,2.2901
1.8153,2.35
1.8173,2.3301
1.8193,2.3101
1.8213,2.2701
1.8233,2.2901
1.8253,2.3101
1.8273,2.17
1.8293,1.9701
1.8313,1.9101
1.8333,2.3101
1.8353,2.2901
1.8373,2.2501
1.8393,2.3301
1.8413,2.2501
1.8433,2.2501
1.8453,2.2901
1.8473,2.2901
1.8493,2.2701
1.8513,2.3301
1.8533,2.3101
1.8553,2.2701
1.8573,2.3101
1.8593,2.3101
1.8613,2.2901
1.8633,2.3101
1.8653,2.3101
1.8673,2.2901
1.8693,2.2901
1.8713,2.2901
1.8733,2.2901
1.8753,2.3301
1.8773,2.69
1.8793,2.73
1.8813,2.2901
1.8833,2.2901
1.8853,2.2901
1.8873,2.37
1.8893,2.3101
1.8913,2.3101
1.8933,2.35
1.8953,2.2701
1.8973,2.3101
1.8993,2.35
1.9013,2.2701
1.9033,2.2901
1.9053,2.3301
1.9073,2.3101
1.9093,2.2701
1.9113,2.2701
1.9133,2.3101
1.9153,2.3301
1.9173,2.2701
1.9193,2.2701
1.9213,2.39
1.9233,2.55
1.9253,2.63
1.9273,2.69
1.9293,2.73
1.9313,2.65
1.9333,2.71
1.9353,2.2901
1.9373,2.3101
1.9393,2.3301
1.9413,2.2301
1.9433,2.2901
1.9453,2.3101
1.9473,2.3101
1.9493,2.2901
1.9513,2.2701
1.9533,2.3101
1.9553,2.3101
1.9573,2.2501
1.9593,2.2701
1.9613,2.3101
1.9633,2.2701
1.9653,2.39
1.9673,2.49
1.9693,2.55
1.9713,2.67
1.9733,2.73
1.9753,2.69
1.9773,2.69
1.9793,2.71
1.9813,2.67
1.9833,2.69
1.9853,2.69
1.9873,2.2501
1.9893,2.2901
1.9913,2.2901
1.9933,2.3301
1.9953,2.2901
1.9973,2.2701
1.9993,2.3101
2.0013,2.2901
2.0033,2.2901
2.0053,2.2701
2.0073,2.2901
2.0093,2.2901
2.0113,2.3101
2.0133,2.51
2.0153,2.59
2.0173,2.71
2.0193,2.71
2.0213,2.71
2.0233,2.69
2.0253,2.69
2.0273,2.65
2.0293,2.67
2.0313,2.71
2.0333,2.75
2.0353,2.73
2.0373,2.69
2.0393,2.67
2.0413,2.3101
2.0433,2.2901
2.0453,2.3101
2.0473,2.3101
2.0493,2.2701
2.0513,2.2901
2.0533,2.2501
2.0553,2.37
2.0573,2.3301
2.0593,2.51
2.0613,2.67
2.0633,2.69
2.0653,2.71
2.0673,2.71
2.0693,2.73
2.0713,2.71
2.0733,2.67
2.0753,2.67
2.0773,2.71
2.0793,2.69
2.0813,2.67
2.0833,2.75
2.0853,2.67
2.0873,2.69
2.0893,2.67
2.0913,2.69
2.0933,2.49
2.0953,2.2701
2.0973,2.3101
2.0993,2.3101
2.1013,2.35
2.1033,2.55
2.1054,2.63
2.1074,2.63
2.1094,2.69
2.1114,2.67
2.1134,2.69
2.1154,2.69
2.1174,2.67
2.1194,2.71
2.1214,2.67
2.1234,2.69
2.1254,2.73
2.1274,2.67
2.1294,2.69
2.1314,2.67
2.1334,2.69
2.1354,2.69
2.1374,2.71
2.1394,2.69
2.1414,2.67
2.1434,2.69
2.1454,2.69
2.1474,2.69
2.1494,2.43
2.1514,2.55
2.1534,2.73
2.1554,2.65
2.1574,2.71
2.1594,2.69
2.1614,2.69
2.1634,2.71
2.1654,2.67
2.1674,2.69
2.1694,2.69
2.1714,2.65
2.1734,2.69
2.1754,2.71
2.1774,2.71
2.1794,2.75
2.1814,2.69
2.1834,2.67
2.1854,2.65
2.1874,2.69
2.1894,2.65
2.1914,2.71
2.1934,2.69
2.1954,2.87
2.1974,2.99
2.1994,3.07
2.2014,3.03
2.2034,2.71
2.2054,2.75
2.2074,2.73
2.2094,2.69
2.2114,2.71
2.2134,2.69
2.2154,2.73
2.2174,2.69
2.2194,2.63
2.2214,2.69
2.2234,2.67
2.2254,2.73
2.2274,2.67
2.2294,2.71
2.2314,2.69
2.2334,2.71
2.2354,2.69
2.2374,2.67
2.2394,2.71
2.2414,2.93
2.2434,3.07
2.2454,3.11
2.2474,3.09
2.2494,3.09
2.2514,3.09
2.2534,3.07
2.2554,2.71
2.2574,2.67
2.2594,2.69
2.2614,2.71
2.2634,2.67
2.2654,2.73
2.2674,2.69
2.2694,2.67
2.2714,2.69
2.2734,2.65
2.2754,2.71
2.2774,2.69
2.2794,2.69
2.2814,2.67
2.2834,2.71
2.2854,2.75
2.2874,3.09
2.2894,3.11
2.2914,3.11
2.2934,3.13
2.2954,3.15
2.2974,3.11
2.2994,3.15
2.3014,3.11
2.3034,3.07
2.3054,3.09
2.3074,2.69
2.3094,2.71
2.3114,2.73
2.3134,2.65
2.3154,2.69
2.3174,2.69
2.3194,2.69
2.3214,2.73
2.3234,2.69
2.3254,2.73
2.3274,2.69
2.3294,2.73
2.3314,3.07
2.3334,3.05
2.3354,3.09
2.3374,3.13
2.3394,3.09
2.3414,3.09
2.3434,3.09
2.3454,3.07
2.3474,3.07
2.3494,3.09
2.3514,3.09
2.3534,3.09
2.3554,3.11
2.3574,3.09
2.3594,2.67
2.3614,2.69
2.3634,2.69
2.3654,2.67
2.3674,2.73
2.3694,2.71
2.3714,2.71
2.3734,2.71
2.3754,2.73
2.3774,2.85
2.3794,3.05
2.3814,3.07
2.3834,3.09
2.3854,3.09
2.3874,3.07
2.3894,3.09
2.3914,3.07
2.3934,3.07
2.3954,3.11
2.3974,3.11
2.3994,3.15
2.4014,3.09
2.4034,3.07
2.4054,3.07
2.4074,3.13
2.4094,3.05
2.4114,2.69
2.4134,2.73
2.4154,2.67
2.4174,2.69
2.4194,2.71
2.4214,2.73
2.4234,2.83
2.4254,3.11
2.4274,3.09
2.4294,3.11
2.4314,3.11
2.4334,3.13
2.4354,3.13
2.4374,3.09
2.4394,3.11
2.4414,3.09
2.4434,3.13
2.4454,3.07
2.4474,3.13
2.4494,3.09
2.4514,3.09
2.4534,3.11
2.4554,3.09
2.4574,3.11
2.4594,3.07
2.4614,3.01
2.4634,2.73
2.4654,2.69
2.4674,2.77
2.4694,3.07
2.4714,3.09
2.4734,3.09
2.4754,3.07
2.4774,3.11
2.4794,3.09
2.4814,3.09
2.4834,3.11
2.4854,3.09
2.4874,3.17
2.4894,3.07
2.4914,3.07
2.4934,3.07
2.4954,3.09
2.4974,3.09
2.4994,3.13
2.5014,3.13
2.5034,3.07
2.5054,3.05
2.5074,3.11
2.5094,3.09
2.5114,3.15
2.5134,2.75
2.5154,2.89
2.5174,3.09
2.5194,3.07
2.5214,3.11
2.5234,3.07
2.5254,3.11
2.5274,3.09
2.5294,3.13
2.5314,3.11
2.5334,3.09
2.5354,3.13
2.5374,3.07
2.5394,3.11
2.5414,3.11
2.5434,3.07
2.5454,3.13
2.5474,3.07
2.5494,3.09
2.5514,3.07
2.5534,3.05
2.5554,3.07
2.5574,3.09
2.5594,3.09
2.5614,3.15
2.5634,3.47
2.5654,3.07
2.5674,3.09
2.5694,3.11
2.5714,3.09
2.5734,3.11
2.5754,3.07
2.5774,3.09
2.5794,3.11
2.5814,3.11
2.5834,3.11
2.5854,3.11
2.5874,3.09
2.5894,3.11
2.5914,3.15
2.5934,3.11
2.5954,3.05
2.5974,3.09
2.5994,3.07
2.6014,3.09
2.6034,3.13
2.6054,3.07
2.6074,3.39
2.6094,3.33
2.6114,3.53
2.6134,3.47
2.6154,3.03
2.6174,3.09
2.6194,3.07
2.6214,3.07
2.6234,3.05
2.6254,3.11
2.6274,3.09
2.6294,3.13
2.6314,3.07
2.6335,3.13
2.6355,3.09
2.6375,3.13
2.6395,3.11
2.6415,3.07
2.6435,3.13
2.6455,3.09
2.6475,3.05
2.6495,3.09
2.6515,3.13
2.6535,3.11
2.6555,3.11
2.6575,3.47
2.6595,3.45
2.6615,3.53
2.6635,3.47
2.6655,3.51
2.6675,3.11
2.6695,3.09
2.6715,3.07
2.6735,3.11
2.6755,3.15
2.6775,3.07
2.6795,3.09
2.6815,3.11
2.6835,3.15
2.6855,3.11
2.6875,3.11
2.6895,3.07
2.6915,3.07
2.6935,3.09
2.6955,3.09
2.6975,3.11
2.6995,3.07
2.7015,3.13
2.7035,3.13
2.7055,3.25
2.7075,3.49
2.7095,3.51
2.7115,3.47
2.7135,3.49
2.7155,3.53
2.7175,3.11
2.7195,3.07
2.7215,3.09
2.7235,3.11
2.7255,3.09
2.7275,3.09
2.7295,3.07
2.7315,3.05
2.7335,3.07
2.7355,3.11
2.7375,3.07
2.7395,3.11
2.7415,3.11
2.7435,3.03
2.7455,3.09
2.7475,3.13
2.7495,3.05
2.7515,3.43
2.7535,3.37
2.7555,3.49
2.7575,3.53
2.7595,3.49
2.7615,3.47
2.7635,3.51
2.7655,3.49
2.7675,3.09
2.7695,3.11
2.7715,3.11
2.7735,3.09
2.7755,3.11
2.7775,3.11
2.7795,3.09
2.7815,3.09
2.7835,3.11
2.7855,3.11
2.7875,3.09
2.7895,3.13
2.7915,3.11
2.7935,3.11
2.7955,3.07
2.7975,3.07
2.7995,3.11
2.8015,3.49
2.8035,3.55
2.8055,3.49
2.8075,3.49
2.8095,3.47
2.8115,3.47
2.8135,3.49
2.8155,3.49
2.8175,3.09
2.8195,3.17
2.8215,3.13
2.8235,3.11
2.8255,3.09
2.8275,3.09
2.8295,3.11
2.8315,3.13
2.8335,3.07
2.8355,3.05
2.8375,3.09
2.8395,3.07
2.8415,3.11
2.8435,3.07
2.8455,3.15
2.8475,3.11
2.8495,3.35
2.8515,3.45
2.8535,3.47
2.8555,3.49
2.8575,3.49
2.8595,3.53
2.8615,3.51
2.8635,3.49
2.8655,3.09
2.8675,3.11
2.8695,3.07
2.8715,3.09
2.8735,3.09
2.8755,3.09
2.8775,3.11
2.8795,3.09
2.8815,3.09
2.8835,3.15
2.8855,3.07
2.8875,3.05
2.8895,3.07
2.8915,3.09
2.8935,3.07
2.8955,3.39
2.8975,3.27
2.8995,3.47
2.9015,3.49
2.9035,3.49
2.9055,3.55
2.9075,3.49
2.9095,3.47
2.9115,3.53
2.9135,3.07
2.9155,3.15
2.9175,3.11
2.9195,3.11
2.9215,3.11
2.9235,3.11
2.9255,3.07
2.9275,3.13
2.9295,3.09
2.9315,3.15
2.9335,3.09
2.9355,3.09
2.9375,3.05
2.9395,3.07
2.9415,3.11
2.9435,3.07
2.9455,3.51
2.9475,3.47
2.9495,3.51
2.9515,3.51
2.9535,3.47
2.9555,3.47
2.9575,3.51
2.9595,3.47
2.9615,3.23
2.9635,3.07
2.9655,3.13
2.9675,3.11
2.9695,3.05
2.9715,3.13
2.9735,3.11
2.9755,3.11
2.9775,3.09
2.9795,3.07
2.9815,3.11
2.9835,3.11
2.9855,3.07
2.9875,3.11
2.9895,3.09
2.9915,3.11
2.9935,3.21
2.9955,3.53
2.9975,3.51
2.9995,3.51
3.0015,3.51
3.0035,3.51
3.0055,3.49
3.0075,3.49
3.0095,3.45
3.0115,3.11
3.0135,3.11
3.0155,3.05
3.0175,3.07
3.0195,3.09
3.0215,3.15
3.0235,3.09
3.0255,3.09
3.0275,3.11
3.0295,3.09
3.0315,3.09
3.0335,3.11
3.0355,3.13
3.0375,3.11
3.0395,3.11
3.0415,3.07
3.0435,3.23
3.0455,3.53
3.0475,3.45
3.0495,3.51
3.0515,3.45
3.0535,3.51
3.0555,3.51
3.0575,3.11
3.0595,3.11
3.0615,3.11
3.0635,3.09
3.0655,3.09
3.0675,3.09
3.0695,3.11
3.0715,3.11
3.0735,3.11
3.0755,3.11
3.0775,3.09
3.0795,3.13
3.0815,3.07
3.0835,3.07
3.0855,3.09
3.0875,3.09
3.0895,3.11
3.0915,3.11
3.0935,3.21
3.0955,3.49
3.0975,3.47
3.0995,3.51
3.1015,3.51
3.1035,3.49
3.1055,3.09
3.1075,3.09
3.1095,3.11
3.1115,3.09
3.1135,3.11
3.1155,3.13
3.1175,3.07
3.1195,3.05
3.1215,3.07
3.1235,3.05
3.1255,3.09
3.1275,3.09
3.1295,3.09
3.1315,3.13
3.1335,3.07
3.1355,3.11
3.1375,3.07
3.1395,3.09
3.1415,3.09
3.1435,3.35
3.1455,3.49
3.1475,3.51
3.1495,3.45
3.1515,3.47
3.1535,3.05
3.1555,3.11
3.1575,3.15
3.1596,3.09
3.1616,3.11
3.1636,3.09
3.1656,3.11
3.1676,3.15
3.1696,3.13
3.1716,3.13
3.1736,3.07
3.1756,3.07
3.1776,3.11
3.1796,3.13
3.1816,3.09
3.1836,3.13
3.1856,3.11
3.1876,3.07
3.1896,3.09
3.1916,3.09
3.1936,3.05
3.1956,3.51
3.1976,3.35
3.1996,3.49
3.2016,3.11
3.2036,3.11
3.2056,3.09
3.2076,3.13
3.2096,3.15
3.2116,3.05
3.2136,3.13
3.2156,3.11
3.2176,3.09
3.2196,3.11
3.2216,3.11
3.2236,3.09
3.2256,3.09
3.2276,3.09
3.2296,3.11
3.2316,3.07
3.2336,3.09
3.2356,3.11
3.2376,3.13
3.2396,3.09
3.2416,3.11
3.2436,3.13
3.2456,3.43
3.2476,3.21
3.2496,3.09
3.2516,3.15
3.2536,3.11
3.2556,3.13
3.2576,3.07
3.2596,3.11
3.2616,3.05
3.2636,3.09
3.2656,3.13
3.2676,3.11
3.2696,3.09
3.2716,3.15
3.2736,3.13
3.2756,3.09
3.2776,3.13
3.2796,3.11
3.2816,3.09
3.2836,3.13
3.2856,3.07
3.2876,3.05
3.2896,3.13
3.2916,3.11
3.2936,3.07
3.2956,2.83
3.2976,2.73
3.2996,3.01
3.3016,3.11
3.3036,3.07
3.3056,3.09
3.3076,3.13
3.3096,3.09
3.3116,3.13
3.3136,3.11
3.3156,3.13
3.3176,3.07
3.3196,3.15
3.3216,3.05
3.3236,3.11
3.3256,3.09
3.3276,3.09
3.3296,3.07
3.3316,3.11
3.3336,3.09
3.3356,3.13
3.3376,3.11
3.3396,3.11
3.3416,2.71
3.3436,2.69
3.3456,2.69
3.3476,2.67
3.3496,2.85
3.3516,3.13
3.3536,3.11
3.3556,3.09
3.3576,3.13
3.3596,3.09
3.3616,3.15
3.3636,3.09
3.3656,3.09
3.3676,3.15
3.3696,3.13
3.3716,3.09
3.3736,3.07
3.3756,3.11
3.3776,3.13
3.3796,3.11
3.3816,3.13
3.3836,3.13
3.3856,3.07
3.3876,2.69
3.3896,2.71
3.3916,2.73
3.3936,2.69
3.3956,2.71
3.3976,2.69
3.3996,2.69
3.4016,3.07
3.4036,3.07
3.4056,3.11
3.4076,3.11
3.4096,3.11
3.4116,3.09
3.4136,3.11
3.4156,3.07
3.4176,3.11
3.4196,3.11
3.4216,3.11
3.4236,3.11
3.4256,3.09
3.4276,3.11
3.4296,3.11
3.4316,2.79
3.4336,2.73
3.4356,2.67
3.4376,2.69
3.4396,2.69
3.4416,2.73
3.4436,2.67
3.4456,2.71
3.4476,2.69
3.4496,2.71
3.4516,2.99
3.4536,2.97
3.4556,3.07
3.4576,3.13
3.4596,3.11
3.4616,3.11
3.4636,3.07
3.4656,3.13
3.4676,3.09
3.4696,3.15
3.4716,3.07
3.4736,3.09
3.4756,3.15
3.4776,2.67
3.4796,2.71
3.4816,2.73
3.4836,2.69
3.4856,2.71
3.4876,2.69
3.4896,2.73
3.4916,2.71
3.4936,2.69
3.4956,2.69
3.4976,2.69
3.4996,2.67
3.5016,2.69
3.5036,2.73
3.5056,2.97
3.5076,3.07
3.5096,3.07
3.5116,3.15
3.5136,3.11
3.5156,3.07
3.5176,3.09
3.5196,3.11
3.5216,3.09
3.5236,2.67
3.5256,2.73
3.5276,2.67
3.5296,2.71
3.5316,2.67
3.5336,2.73
3.5356,2.69
3.5376,2.71
3.5396,2.71
3.5416,2.71
3.5436,2.69
3.5456,2.67
3.5476,2.65
3.5496,2.67
3.5516,2.71
3.5536,2.69
3.5556,2.85
3.5576,3.11
3.5596,3.11
3.5616,3.09
3.5636,3.05
3.5656,3.13
3.5676,3.03
3.5696,2.71
3.5716,2.69
3.5736,2.71
3.5756,2.71
3.5776,2.71
3.5796,2.71
3.5816,2.71
3.5836,2.69
3.5856,2.71
3.5876,2.73
3.5896,2.67
3.5916,2.69
3.5936,2.73
3.5956,2.71
3.5976,2.71
3.5996,2.69
3.6016,2.67
3.6036,2.69
3.6056,2.73
3.6076,2.93
3.6096,2.87
3.6116,3.09
3.6136,2.67
3.6156,2.73
3.6176,2.71
3.6196,2.67
3.6216,2.75
3.6236,2.69
3.6256,2.71
3.6276,2.69
3.6296,2.71
3.6316,2.69
3.6336,2.71
3.6356,2.69
3.6376,2.67
3.6396,2.69
3.6416,2.71
3.6436,2.73
3.6456,2.71
3.6476,2.73
3.6496,2.67
3.6516,2.69
3.6536,2.71
3.6556,2.71
3.6576,2.63
3.6596,2.2701
3.6616,2.37
3.6636,2.71
3.6656,2.69
3.6676,2.69
3.6696,2.73
3.6716,2.71
3.6736,2.71
3.6756,2.69
3.6776,2.65
3.6796,2.77
3.6816,2.71
3.6836,2.65
3.6857,2.73
3.6877,2.69
3.6897,2.69
3.6917,2.71
3.6937,2.69
3.6957,2.71
3.6977,2.69
3.6997,2.69
3.7017,2.71
3.7037,2.71
3.7057,2.3101
3.7077,2.2901
3.7097,2.3101
3.7117,2.2501
3.7137,2.2701
3.7157,2.41
3.7177,2.57
3.7197,2.69
3.7217,2.69
3.7237,2.75
3.7257,2.71
3.7277,2.69
3.7297,2.75
3.7317,2.71
3.7337,2.67
3.7357,2.71
3.7377,2.67
3.7397,2.65
3.7417,2.67
3.7437,2.69
3.7457,2.71
3.7477,2.69
3.7497,2.35
3.7517,2.2901
3.7537,2.3301
3.7557,2.3301
3.7577,2.3301
3.7597,2.3301
3.7617,2.3301
3.7637,2.3101
3.7657,2.3101
3.7677,2.45
3.7697,2.59
3.7717,2.61
3.7737,2.67
3.7757,2.69
3.7777,2.63
3.7797,2.73
3.7817,2.67
3.7837,2.69
3.7857,2.69
3.7877,2.67
3.7897,2.69
3.7917,2.71
3.7937,2.71
3.7957,2.3301
3.7977,2.3101
3.7997,2.2701
3.8017,2.3101
3.8037,2.35
3.8057,2.3301
3.8077,2.2901
3.8097,2.35
3.8117,2.3301
3.8137,2.3101
3.8157,2.3101
3.8177,2.35
3.8197,2.39
3.8217,2.45
3.8237,2.53
3.8257,2.73
3.8277,2.71
3.8297,2.69
3.8317,2.69
3.8337,2.65
3.8357,2.69
3.8377,2.71
3.8397,2.3101
3.8417,2.2701
3.8437,2.2701
3.8457,2.2901
3.8477,2.3101
3.8497,2.3301
3.8517,2.2701
3.8537,2.3101
3.8557,2.2901
3.8577,2.3101
3.8597,2.2901
3.8617,2.3101
3.8637,2.3101
3.8657,2.3301
3.8677,2.3101
3.8697,2.35
3.8717,2.3301
3.8737,2.45
3.8757,2.59
3.8777,2.65
3.8797,2.71
3.8817,2.77
3.8837,2.2901
3.8857,2.3101
3.8877,2.3101
3.8897,2.3101
3.8917,2.3101
3.8937,2.2901
3.8957,2.2701
3.8977,2.3301
3.8997,2.2701
3.9017,2.2701
3.9037,2.2901
3.9057,2.2701
3.9077,2.3101
3.9097,2.3301
3.9117,2.2901
3.9137,2.37
3.9157,2.2901
3.9177,2.2501
3.9197,2.2901
3.9217,2.2701
3.9237,2.2501
3.9257,2.35
3.9277,2.67
3.9297,2.3101
3.9317,2.3301
3.9337,2.2501
3.9357,2.2901
3.9377,2.3301
3.9397,2.2701
3.9417,2.2901
3.9437,2.2701
3.9457,2.2701
3.9477,2.35
3.9497,2.3101
3.9517,2.3101
3.9537,2.3101
3.9557,2.2701
3.9577,2.35
3.9597,2.3301
3.9617,2.3101
3.9637,2.3101
3.9657,2.3101
3.9677,2.3301
3.9697,2.2701
3.9717,2.35
3.9737,1.9501
3.9757,1.91
3.9777,1.93
3.9797,2.2701
3.9817,2.3101
3.9837,2.2901
3.9857,2.2501
3.9877,2.2901
3.9897,2.3301
3.9917,2.2901
3.9937,2.3101
3.9957,2.3101
3.9977,2.2901
3.9997,2.2901
4.0017,2.3301
4.0037,2.3301
4.0057,2.2901
4.0077,2.2901
4.0097,2.3101
4.0117,2.3301
4.0137,2.2901
4.0157,2.3101
4.0177,2.2101
4.0197,1.99
4.0217,1.9501
4.0237,1.91
4.0257,1.93
4.0277,1.9701
4.0297,1.89
4.0317,1.9101
4.0337,2.2701
4.0357,2.2701
4.0377,2.35
4.0397,2.2501
4.0417,2.3101
4.0437,2.3101
4.0457,2.2901
4.0477,2.2901
4.0497,2.2901
4.0517,2.2701
4.0537,2.2901
4.0557,2.2501
4.0577,2.35
4.0597,2.3101
4.0617,2.1501
4.0637,2.0301
4.0657,2.0301
4.0677,1.91
4.0697,1.93
4.0717,1.9501
4.0737,1.93
4.0757,1.8901
4.0777,1.9501
4.0797,1.91
4.0817,1.91
4.0837,1.9101
4.0857,2.0901
4.0877,2.2901
4.0897,2.3101
4.0917,2.3101
4.0937,2.2701
4.0957,2.3301
4.0977,2.3101
4.0997,2.3301
4.1017,2.2901
4.1037,2.3101
4.1057,2.3301
4.1077,2.1901
4.1097,2.0701
4.1117,1.97
4.1137,1.9101
4.1157,1.91
4.1177,1.91
4.1197,1.91
4.1217,1.91
4.1237,1.9101
4.1257,1.93
4.1277,1.91
4.1297,1.91
4.1317,1.8901
4.1337,1.89
4.1357,1.89
4.1377,1.91
4.1397,2.2701
4.1417,2.2901
4.1437,2.2701
4.1457,2.2701
4.1477,2.2901
4.1497,2.3101
4.1517,2.3301
4.1537,2.2301
4.1557,2.0701
4.1577,1.89
4.1597,1.87
4.1617,1.87
4.1637,1.8901
4.1657,1.9101
4.1677,1.93
4.1697,1.93
4.1717,1.9701
4.1737,1.8901
4.1757,1.87
4.1777,1.93
4.1797,1.89
4.1817,1.9101
4.1837,1.89
4.1857,1.91
4.1877,1.95
4.1897,1.89
4.1917,2.3101
4.1937,2.3101
4.1957,2.3101
4.1977,2.2501
4.1997,2.0501
4.2017,1.93
4.2037,1.93
4.2057,1.89
4.2077,1.9501
4.2097,1.91
4.2118,1.87
4.2138,1.93
4.2158,1.93
4.2178,1.89
4.2198,1.93
4.2218,1.89
4.2238,1.89
4.2258,1.93
4.2278,1.8901
4.2298,1.89
4.2318,1.91
4.2338,1.93
4.2358,1.93
4.2378,1.93
4.2398,1.91
4.2418,1.89
4.2438,1.9701
4.2458,1.67
4.2478,2.0901
4.2498,1.89
4.2518,1.93
4.2538,1.93
4.2558,1.87
4.2578,1.91
4.2598,1.9101
4.2618,1.87
4.2638,1.91
4.2658,1.93
4.2678,1.87
4.2698,1.87
4.2718,1.93
4.2738,1.9501
4.2758,1.93
4.2778,1.9101
4.2798,1.93
4.2818,1.9501
4.2838,1.93
4.2858,1.89
4.2878,1.89
4.2898,1.89
4.2918,1.79
4.2938,1.59
4.2958,1.49
4.2978,1.47
4.2998,1.61
4.3018,1.91
4.3038,1.8901
4.3058,1.89
4.3078,1.87
4.3098,1.9101
4.3118,1.91
4.3138,1.87
4.3158,1.93
4.3178,1.93
4.3198,1.9501
4.3218,1.8901
4.3238,1.93
4.3258,1.95
4.3278,1.9101
4.3298,1.9501
4.3318,1.93
4.3338,1.8901
4.3358,1.8501
4.3378,1.67
4.3398,1.51
4.3418,1.53
4.3438,1.53
4.3458,1.53
4.3478,1.51
4.3498,1.49
4.3518,1.53
4.3538,1.8901
4.3558,1.93
4.3578,1.8901
4.3598,1.89
4.3618,1.89
4.3638,1.8901
4.3658,1.91
4.3678,1.93
4.3698,1.9501
4.3718,1.93
4.3738,1.87
4.3758,1.93
4.3778,1.9501
4.3798,1.91
4.3818,1.93
4.3838,1.53
4.3858,1.53
4.3878,1.55
4.3898,1.55
4.3918,1.51
4.3938,1.51
4.3958,1.57
4.3978,1.53
4.3998,1.49
4.4018,1.53
4.4038,1.73
4.4058,1.87
4.4078,1.93
4.4098,1.93
4.4118,1.87
4.4138,1.91
4.4158,1.93
4.4178,1.89
4.4198,1.8901
4.4218,1.93
4.4238,1.91
4.4258,1.91
4.4278,1.63
4.4298,1.59
4.4318,1.49
4.4338,1.53
4.4358,1.53
4.4378,1.51
4.4398,1.53
4.4418,1.49
4.4438,1.49
4.4458,1.53
4.4478,1.49
4.4498,1.51
4.4518,1.53
4.4538,1.53
4.4558,1.51
4.4578,1.89
4.4598,1.87
4.4618,1.87
4.4638,1.93
4.4658,1.89
4.4678,1.87
4.4698,1.8901
4.4718,1.81
4.4738,1.75
4.4758,1.51
4.4778,1.55
4.4798,1.49
4.4818,1.51
4.4838,1.49
4.4858,1.51
4.4878,1.51
4.4898,1.51
4.4918,1.53
4.4938,1.51
4.4958,1.47
4.4978,1.51
4.4998,1.53
4.5018,1.51
4.5038,1.53
4.5058,1.49
4.5078,1.73
4.5098,1.9101
4.5118,1.89
4.5138,1.91
4.5158,1.93
4.5178,1.87
4.5198,1.79
4.5218,1.57
4.5238,1.55
4.5258,1.47
4.5278,1.53
4.5298,1.53
4.5318,1.53
4.5338,1.51
4.5358,1.53
4.5378,1.51
4.5398,1.53
4.5418,1.57
4.5438,1.47
4.5458,1.59
4.5478,1.51
4.5498,1.47
4.5518,1.53
4.5538,1.55
4.5558,1.53
4.5578,1.49
4.5598,1.9101
4.5618,1.89
4.5638,1.87
4.5658,1.53
4.5678,1.55
4.5698,1.49
4.5718,1.57
4.5738,1.51
4.5758,1.55
4.5778,1.51
4.5798,1.51
4.5818,1.57
4.5838,1.53
4.5858,1.47
4.5878,1.53
4.5898,1.55
4.5918,1.53
4.5938,1.49
4.5958,1.51
4.5978,1.53
4.5998,1.51
4.6018,1.53
4.6038,1.53
4.6058,1.47
4.6078,1.57
4.6098,1.43
4.6118,1.79
4.6138,1.55
4.6158,1.49
4.6178,1.51
4.6198,1.51
4.6218,1.57
4.6238,1.51
4.6258,1.49
4.6278,1.55
4.6298,1.51
4.6318,1.51
4.6338,1.53
4.6358,1.51
4.6378,1.53
4.6398,1.55
4.6418,1.51
4.6438,1.53
4.6458,1.51
4.6478,1.51
4.6498,1.51
4.6518,1.49
4.6538,1.49
4.6558,1.51
4.6578,1.53
4.6598,1.15
4.6618,1.51
4.6638,1.49
4.6658,1.53
4.6678,1.47
4.6698,1.51
4.6718,1.51
4.6738,1.51
4.6758,1.51
4.6778,1.55
4.6798,1.51
4.6818,1.55
4.6838,1.53
4.6858,1.53
4.6878,1.49
4.6898,1.55
4.6918,1.55
4.6938,1.49
4.6958,1.49
4.6978,1.51
4.6998,1.51
4.7018,1.57
4.7038,1.35
4.7058,1.31
4.7078,1.11
4.7098,1.11
4.7118,1.23
4.7138,1.53
4.7158,1.57
4.7178,1.51
4.7198,1.49
4.7218,1.55
4.7238,1.51
4.7258,1.49
4.7278,1.59
4.7298,1.47
4.7318,1.49
4.7338,1.51
4.7358,1.49
4.7379,1.47
4.7399,1.53
4.7419,1.51
4.7439,1.55
4.7459,1.53
4.7479,1.53
4.7499,1.51
4.7519,1.53
4.7539,1.29
4.7559,1.23
4.7579,1.17
4.7599,1.17
4.7619,1.15
4.7639,1.13
4.7659,1.51
4.7679,1.49
4.7699,1.51
4.7719,1.57
4.7739,1.53
4.7759,1.49
4.7779,1.53
4.7799,1.53
4.7819,1.51
4.7839,1.51
4.7859,1.49
4.7879,1.51
4.7899,1.53
4.7919,1.55
4.7939,1.55
4.7959,1.57
4.7979,1.51
4.7999,1.51
4.8019,1.37
4.8039,1.13
4.8059,1.11
4.8079,1.13
4.8099,1.11
4.8119,1.11
4.8139,1.13
4.8159,1.53
4.8179,1.49
4.8199,1.51
4.8219,1.55
4.8239,1.53
4.8259,1.49
4.8279,1.57
4.8299,1.51
4.8319,1.49
4.8339,1.55
4.8359,1.51
4.8379,1.49
4.8399,1.51
4.8419,1.51
4.8439,1.49
4.8459,1.51
4.8479,1.31
4.8499,1.31
4.8519,1.13
4.8539,1.11
4.8559,1.11
4.8579,1.11
4.8599,1.15
4.8619,1.09
4.8639,1.47
4.8659,1.51
4.8679,1.53
4.8699,1.49
4.8719,1.49
4.8739,1.47
4.8759,1.53
4.8779,1.51
4.8799,1.47
4.8819,1.51
4.8839,1.51
4.8859,1.49
4.8879,1.51
4.8899,1.53
4.8919,1.51
4.8939,1.53
4.8959,1.57
4.8979,1.13
4.8999,1.15
4.9019,1.13
4.9039,1.13
4.9059,1.13
4.9079,1.13
4.9099,1.11
4.9119,1.11
4.9139,1.51
4.9159,1.53
4.9179,1.51
4.9199,1.53
4.9219,1.51
4.9239,1.51
4.9259,1.49
4.9279,1.53
4.9299,1.47
4.9319,1.53
4.9339,1.51
4.9359,1.47
4.9379,1.49
4.9399,1.55
4.9419,1.53
4.9439,1.49
4.9459,1.39
4.9479,1.13
4.9499,1.17
4.9519,1.13
4.9539,1.11
4.9559,1.15
4.9579,1.09
4.9599,1.11
4.9619,1.39
4.9639,1.53
4.9659,1.51
4.9679,1.49
4.9699,1.49
4.9719,1.49
4.9739,1.53
4.9759,1.51
4.9779,1.53
4.9799,1.55
4.9819,1.53
4.9839,1.53
4.9859,1.53
4.9879,1.51
4.9899,1.55
4.9919,1.43
4.9939,1.45
4.9959,1.15
4.9979,1.11
4.9999,1.11
