xdata, curve0
1e-05,-286.62
2e-05,-287.36
3e-05,-288.1
4e-05,-288.83
5e-05,-289.56
6e-05,-290.28
7e-05,-290.99
8e-05,-291.7
9e-05,-292.4
0.0001,-293.09
0.00011,-293.78
0.00012,-294.47
0.00013,-295.14
0.00014,-295.81
0.00015,-296.48
0.00016,-297.13
0.00017,-297.79
0.00018,-298.43
0.00019,-299.07
0.0002,-299.7
0.00021,-300.32
0.00022,-300.93
0.00023,-301.54
0.00024,-302.14
0.00025,-302.74
0.00026,-303.32
0.00027,-303.9
0.00028,-304.47
0.00029,-305.04
0.0003,-305.6
0.00031,-306.14
0.00032,-306.69
0.00033,-307.22
0.00034,-307.74
0.00035,-308.26
0.00036,-308.77
0.00037,-309.27
0.00038,-309.76
0.00039,-310.25
0.0004,-310.73
0.00041,-311.19
0.00042,-311.65
0.00043,-312.1
0.00044,-312.55
0.00045,-312.98
0.00046,-313.41
0.00047,-313.82
0.00048,-314.23
0.00049,-314.63
0.0005,-315.02
0.00051,-315.4
0.00052,-315.78
0.00053,-316.14
0.00054,-316.5
0.00055,-316.84
0.00056,-317.18
0.00057,-317.51
0.00058,-317.83
0.00059,-318.14
0.0006,-318.44
0.00061,-318.73
0.00062,-319.01
0.00063,-319.28
0.00064,-319.55
0.00065,-319.8
0.00066,-320.04
0.00067,-320.28
0.00068,-320.51
0.00069,-320.72
0.0007,-320.93
0.00071,-321.13
0.00072,-321.32
0.00073,-321.49
0.00074,-321.66
0.00075,-321.82
0.00076,-321.97
0.00077,-322.11
0.00078,-322.24
0.00079,-322.37
0.0008,-322.48
0.00081,-322.58
0.00082,-322.67
0.00083,-322.76
0.00084,-322.83
0.00085,-322.9
0.00086,-322.95
0.00087,-323
0.00088,-323.03
0.00089,-323.06
0.0009,-323.08
0.00091,-323.09
0.00092,-323.08
0.00093,-323.07
0.00094,-323.05
0.00095,-323.02
0.00096,-322.98
0.00097,-322.94
0.00098,-322.88
0.00099,-322.81
0.001,-322.74
0.00101,-322.65
0.00102,-322.56
0.00103,-322.45
0.00104,-322.34
0.00105,-322.22
0.00106,-322.09
0.00107,-321.95
0.00108,-321.8
0.00109,-321.65
0.0011,-321.48
0.00111,-321.31
0.00112,-321.12
0.00113,-320.93
0.00114,-320.73
0.00115,-320.52
0.00116,-320.3
0.00117,-320.08
0.00118,-319.85
0.00119,-319.6
0.0012,-319.35
0.00121,-319.09
0.00122,-318.83
0.00123,-318.55
0.00124,-318.27
0.00125,-317.98
0.00126,-317.68
0.00127,-317.38
0.00128,-317.06
0.00129,-316.74
0.0013,-316.42
0.00131,-316.08
0.00132,-315.74
0.00133,-315.39
0.00134,-315.03
0.00135,-314.66
0.00136,-314.29
0.00137,-313.91
0.00138,-313.53
0.00139,-313.14
0.0014,-312.74
0.00141,-312.33
0.00142,-311.92
0.00143,-311.5
0.00144,-311.08
0.00145,-310.65
0.00146,-310.21
0.00147,-309.77
0.00148,-309.32
0.00149,-308.87
0.0015,-308.41
0.00151,-307.94
0.00152,-307.47
0.00153,-306.99
0.00154,-306.51
0.00155,-306.03
0.00156,-305.53
0.00157,-305.04
0.00158,-304.54
0.00159,-304.03
0.0016,-303.52
0.00161,-303
0.00162,-302.48
0.00163,-301.96
0.00164,-301.43
0.00165,-300.9
0.00166,-300.36
0.00167,-299.82
0.00168,-299.27
0.00169,-298.72
0.0017,-298.17
0.00171,-297.62
0.00172,-297.06
0.00173,-296.49
0.00174,-295.93
0.00175,-295.36
0.00176,-294.79
0.00177,-294.21
0.00178,-293.64
0.00179,-293.06
0.0018,-292.47
0.00181,-291.89
0.00182,-291.3
0.00183,-290.71
0.00184,-290.12
0.00185,-289.53
0.00186,-288.93
0.00187,-288.33
0.00188,-287.73
0.00189,-287.13
0.0019,-286.53
0.00191,-285.93
0.00192,-285.32
0.00193,-284.72
0.00194,-284.11
0.00195,-283.5
0.00196,-282.89
0.00197,-282.28
0.00198,-281.67
0.00199,-281.06
0.002,-280.45
0.00201,-279.84
0.00202,-279.23
0.00203,-278.61
0.00204,-278
0.00205,-277.39
0.00206,-276.78
0.00207,-276.16
0.00208,-275.55
0.00209,-274.94
0.0021,-274.33
0.00211,-273.72
0.00212,-273.11
0.00213,-272.5
0.00214,-271.89
0.00215,-271.28
0.00216,-270.68
0.00217,-270.07
0.00218,-269.46
0.00219,-268.86
0.0022,-268.26
0.00221,-267.66
0.00222,-267.06
0.00223,-266.46
0.00224,-265.86
0.00225,-265.27
0.00226,-264.67
0.00227,-264.08
0.00228,-263.49
0.00229,-262.9
0.0023,-262.32
0.00231,-261.73
0.00232,-261.15
0.00233,-260.57
0.00234,-259.99
0.00235,-259.42
0.00236,-258.85
0.00237,-258.27
0.00238,-257.71
0.00239,-257.14
0.0024,-256.58
0.00241,-256.01
0.00242,-255.46
0.00243,-254.9
0.00244,-254.35
0.00245,-253.79
0.00246,-253.25
0.00247,-252.7
0.00248,-252.16
0.00249,-251.62
0.0025,-251.08
0.00251,-250.55
0.00252,-250.01
0.00253,-249.49
0.00254,-248.96
0.00255,-248.44
0.00256,-247.92
0.00257,-247.4
0.00258,-246.89
0.00259,-246.38
0.0026,-245.87
0.00261,-245.36
0.00262,-244.86
0.00263,-244.36
0.00264,-243.87
0.00265,-243.37
0.00266,-242.88
0.00267,-242.4
0.00268,-241.91
0.00269,-241.43
0.0027,-240.95
0.00271,-240.48
0.00272,-240.01
0.00273,-239.54
0.00274,-239.07
0.00275,-238.61
0.00276,-238.15
0.00277,-237.69
0.00278,-237.23
0.00279,-236.78
0.0028,-236.33
0.00281,-235.89
0.00282,-235.44
0.00283,-235
0.00284,-234.57
0.00285,-234.13
0.00286,-233.7
0.00287,-233.27
0.00288,-232.84
0.00289,-232.42
0.0029,-231.99
0.00291,-231.57
0.00292,-231.15
0.00293,-230.74
0.00294,-230.33
0.00295,-229.92
0.00296,-229.51
0.00297,-229.1
0.00298,-228.7
0.00299,-228.29
0.003,-227.89
0.00301,-227.49
0.00302,-227.1
0.00303,-226.7
0.00304,-226.31
0.00305,-225.92
0.00306,-225.52
0.00307,-225.14
0.00308,-224.75
0.00309,-224.36
0.0031,-223.98
0.00311,-223.59
0.00312,-223.21
0.00313,-222.83
0.00314,-222.45
0.00315,-222.07
0.00316,-221.69
0.00317,-221.32
0.00318,-220.94
0.00319,-220.56
0.0032,-220.19
0.00321,-219.81
0.00322,-219.44
0.00323,-219.06
0.00324,-218.69
0.00325,-218.31
0.00326,-217.94
0.00327,-217.56
0.00328,-217.19
0.00329,-216.81
0.0033,-216.44
0.00331,-216.06
0.00332,-215.68
0.00333,-215.31
0.00334,-214.93
0.00335,-214.55
0.00336,-214.17
0.00337,-213.79
0.00338,-213.41
0.00339,-213.03
0.0034,-212.65
0.00341,-212.26
0.00342,-211.87
0.00343,-211.49
0.00344,-211.1
0.00345,-210.7
0.00346,-210.31
0.00347,-209.92
0.00348,-209.52
0.00349,-209.12
0.0035,-208.72
0.00351,-208.31
0.00352,-207.91
0.00353,-207.5
0.00354,-207.09
0.00355,-206.67
0.00356,-206.26
0.00357,-205.84
0.00358,-205.41
0.00359,-204.99
0.0036,-204.56
0.00361,-204.13
0.00362,-203.69
0.00363,-203.25
0.00364,-202.81
0.00365,-202.37
0.00366,-201.92
0.00367,-201.46
0.00368,-201
0.00369,-200.54
0.0037,-200.08
0.00371,-199.61
0.00372,-199.13
0.00373,-198.65
0.00374,-198.17
0.00375,-197.68
0.00376,-197.19
0.00377,-196.7
0.00378,-196.2
0.00379,-195.69
0.0038,-195.18
0.00381,-194.66
0.00382,-194.14
0.00383,-193.61
0.00384,-193.08
0.00385,-192.55
0.00386,-192
0.00387,-191.45
0.00388,-190.9
0.00389,-190.34
0.0039,-189.78
0.00391,-189.21
0.00392,-188.63
0.00393,-188.05
0.00394,-187.46
0.00395,-186.87
0.00396,-186.27
0.00397,-185.66
0.00398,-185.05
0.00399,-184.43
0.004,-183.8
0.00401,-183.17
0.00402,-182.53
0.00403,-181.89
0.00404,-181.24
0.00405,-180.58
0.00406,-179.91
0.00407,-179.24
0.00408,-178.56
0.00409,-177.88
0.0041,-177.19
0.00411,-176.49
0.00412,-175.78
0.00413,-175.07
0.00414,-174.35
0.00415,-173.62
0.00416,-172.89
0.00417,-172.15
0.00418,-171.4
0.00419,-170.65
0.0042,-169.88
0.00421,-169.11
0.00422,-168.34
0.00423,-167.55
0.00424,-166.76
0.00425,-165.96
0.00426,-165.16
0.00427,-164.34
0.00428,-163.52
0.00429,-162.7
0.0043,-161.86
0.00431,-161.02
0.00432,-160.17
0.00433,-159.31
0.00434,-158.44
0.00435,-157.57
0.00436,-156.69
0.00437,-155.8
0.00438,-154.91
0.00439,-154.01
0.0044,-153.1
0.00441,-152.18
0.00442,-151.25
0.00443,-150.32
0.00444,-149.38
0.00445,-148.44
0.00446,-147.48
0.00447,-146.52
0.00448,-145.55
0.00449,-144.58
0.0045,-143.59
0.00451,-142.6
0.00452,-141.6
0.00453,-140.6
0.00454,-139.59
0.00455,-138.57
0.00456,-137.54
0.00457,-136.51
0.00458,-135.47
0.00459,-134.42
0.0046,-133.37
0.00461,-132.31
0.00462,-131.24
0.00463,-130.16
0.00464,-129.08
0.00465,-127.99
0.00466,-126.9
0.00467,-125.8
0.00468,-124.69
0.00469,-123.57
0.0047,-122.45
0.00471,-121.32
0.00472,-120.19
0.00473,-119.05
0.00474,-117.9
0.00475,-116.75
0.00476,-115.59
0.00477,-114.43
0.00478,-113.25
0.00479,-112.08
0.0048,-110.89
0.00481,-109.71
0.00482,-108.51
0.00483,-107.31
0.00484,-106.11
0.00485,-104.89
0.00486,-103.68
0.00487,-102.45
0.00488,-101.23
0.00489,-99.994
0.0049,-98.757
0.00491,-97.514
0.00492,-96.266
0.00493,-95.013
0.00494,-93.755
0.00495,-92.493
0.00496,-91.225
0.00497,-89.954
0.00498,-88.677
0.00499,-87.397
0.005,-86.112
0.00501,-84.822
0.00502,-83.529
0.00503,-82.231
0.00504,-80.93
0.00505,-79.624
0.00506,-78.315
0.00507,-77.002
0.00508,-75.685
0.00509,-74.365
0.0051,-73.041
0.00511,-71.714
0.00512,-70.384
0.00513,-69.05
0.00514,-67.713
0.00515,-66.374
0.00516,-65.031
0.00517,-63.686
0.00518,-62.338
0.00519,-60.987
0.0052,-59.634
0.00521,-58.278
0.00522,-56.92
0.00523,-55.559
0.00524,-54.197
0.00525,-52.832
0.00526,-51.466
0.00527,-50.097
0.00528,-48.727
0.00529,-47.355
0.0053,-45.981
0.00531,-44.606
0.00532,-43.23
0.00533,-41.852
0.00534,-40.473
0.00535,-39.093
0.00536,-37.711
0.00537,-36.329
0.00538,-34.946
0.00539,-33.562
0.0054,-32.177
0.00541,-30.792
0.00542,-29.406
0.00543,-28.02
0.00544,-26.634
0.00545,-25.247
0.00546,-23.86
0.00547,-22.473
0.00548,-21.086
0.00549,-19.699
0.0055,-18.312
0.00551,-16.926
0.00552,-15.54
0.00553,-14.154
0.00554,-12.769
0.00555,-11.384
0.00556,-10
0.00557,-8.6171
0.00558,-7.2347
0.00559,-5.8532
0.0056,-4.4727
0.00561,-3.0933
0.00562,-1.715
0.00563,-0.33786
0.00564,1.038
0.00565,2.4124
0.00566,3.7855
0.00567,5.1571
0.00568,6.5271
0.00569,7.8955
0.0057,9.2622
0.00571,10.627
0.00572,11.99
0.00573,13.351
0.00574,14.711
0.00575,16.068
0.00576,17.423
0.00577,18.776
0.00578,20.127
0.00579,21.476
0.0058,22.822
0.00581,24.166
0.00582,25.508
0.00583,26.847
0.00584,28.183
0.00585,29.517
0.00586,30.849
0.00587,32.177
0.00588,33.503
0.00589,34.827
0.0059,36.147
0.00591,37.465
0.00592,38.78
0.00593,40.092
0.00594,41.401
0.00595,42.707
0.00596,44.01
0.00597,45.31
0.00598,46.606
0.00599,47.9
0.006,49.191
0.00601,50.478
0.00602,51.762
0.00603,53.043
0.00604,54.321
0.00605,55.595
0.00606,56.866
0.00607,58.134
0.00608,59.398
0.00609,60.659
0.0061,61.917
0.00611,63.171
0.00612,64.422
0.00613,65.67
0.00614,66.914
0.00615,68.154
0.00616,69.391
0.00617,70.625
0.00618,71.855
0.00619,73.082
0.0062,74.305
0.00621,75.525
0.00622,76.741
0.00623,77.954
0.00624,79.163
0.00625,80.369
0.00626,81.571
0.00627,82.77
0.00628,83.965
0.00629,85.157
0.0063,86.345
0.00631,87.53
0.00632,88.712
0.00633,89.89
0.00634,91.065
0.00635,92.236
0.00636,93.404
0.00637,94.568
0.00638,95.729
0.00639,96.887
0.0064,98.041
0.00641,99.192
0.00642,100.34
0.00643,101.48
0.00644,102.63
0.00645,103.76
0.00646,104.9
0.00647,106.03
0.00648,107.16
0.00649,108.28
0.0065,109.41
0.00651,110.52
0.00652,111.64
0.00653,112.75
0.00654,113.86
0.00655,114.97
0.00656,116.07
0.00657,117.18
0.00658,118.27
0.00659,119.37
0.0066,120.46
0.00661,121.55
0.00662,122.64
0.00663,123.72
0.00664,124.8
0.00665,125.88
0.00666,126.96
0.00667,128.03
0.00668,129.1
0.00669,130.17
0.0067,131.24
0.00671,132.3
0.00672,133.36
0.00673,134.42
0.00674,135.48
0.00675,136.53
0.00676,137.59
0.00677,138.64
0.00678,139.68
0.00679,140.73
0.0068,141.77
0.00681,142.81
0.00682,143.85
0.00683,144.89
0.00684,145.93
0.00685,146.96
0.00686,147.99
0.00687,149.02
0.00688,150.05
0.00689,151.08
0.0069,152.1
0.00691,153.12
0.00692,154.14
0.00693,155.16
0.00694,156.18
0.00695,157.2
0.00696,158.21
0.00697,159.23
0.00698,160.24
0.00699,161.25
0.007,162.26
0.00701,163.26
0.00702,164.27
0.00703,165.28
0.00704,166.28
0.00705,167.28
0.00706,168.28
0.00707,169.28
0.00708,170.28
0.00709,171.28
0.0071,172.28
0.00711,173.27
0.00712,174.27
0.00713,175.26
0.00714,176.26
0.00715,177.25
0.00716,178.24
0.00717,179.23
0.00718,180.22
0.00719,181.21
0.0072,182.2
0.00721,183.18
0.00722,184.17
0.00723,185.15
0.00724,186.14
0.00725,187.12
0.00726,188.1
0.00727,189.09
0.00728,190.07
0.00729,191.05
0.0073,192.03
0.00731,193.01
0.00732,193.99
0.00733,194.97
0.00734,195.94
0.00735,196.92
0.00736,197.9
0.00737,198.87
0.00738,199.85
0.00739,200.82
0.0074,201.79
0.00741,202.77
0.00742,203.74
0.00743,204.71
0.00744,205.68
0.00745,206.65
0.00746,207.62
0.00747,208.59
0.00748,209.56
0.00749,210.53
0.0075,211.49
0.00751,212.46
0.00752,213.43
0.00753,214.39
0.00754,215.35
0.00755,216.32
0.00756,217.28
0.00757,218.24
0.00758,219.2
0.00759,220.16
0.0076,221.12
0.00761,222.08
0.00762,223.04
0.00763,223.99
0.00764,224.95
0.00765,225.9
0.00766,226.85
0.00767,227.8
0.00768,228.76
0.00769,229.7
0.0077,230.65
0.00771,231.6
0.00772,232.55
0.00773,233.49
0.00774,234.43
0.00775,235.38
0.00776,236.32
0.00777,237.25
0.00778,238.19
0.00779,239.13
0.0078,240.06
0.00781,240.99
0.00782,241.92
0.00783,242.85
0.00784,243.78
0.00785,244.7
0.00786,245.63
0.00787,246.55
0.00788,247.47
0.00789,248.38
0.0079,249.3
0.00791,250.21
0.00792,251.12
0.00793,252.03
0.00794,252.94
0.00795,253.84
0.00796,254.74
0.00797,255.64
0.00798,256.53
0.00799,257.42
0.008,258.31
0.00801,259.2
0.00802,260.08
0.00803,260.97
0.00804,261.84
0.00805,262.72
0.00806,263.59
0.00807,264.46
0.00808,265.32
0.00809,266.18
0.0081,267.04
0.00811,267.89
0.00812,268.75
0.00813,269.59
0.00814,270.43
0.00815,271.27
0.00816,272.11
0.00817,272.94
0.00818,273.77
0.00819,274.59
0.0082,275.41
0.00821,276.22
0.00822,277.03
0.00823,277.84
0.00824,278.64
0.00825,279.43
0.00826,280.22
0.00827,281.01
0.00828,281.79
0.00829,282.57
0.0083,283.34
0.00831,284.1
0.00832,284.87
0.00833,285.62
0.00834,286.37
0.00835,287.11
0.00836,287.85
0.00837,288.59
0.00838,289.31
0.00839,290.04
0.0084,290.75
0.00841,291.46
0.00842,292.17
0.00843,292.86
0.00844,293.56
0.00845,294.24
0.00846,294.92
0.00847,295.59
0.00848,296.26
0.00849,296.92
0.0085,297.57
0.00851,298.22
0.00852,298.85
0.00853,299.49
0.00854,300.11
0.00855,300.73
0.00856,301.34
0.00857,301.94
0.00858,302.54
0.00859,303.13
0.0086,303.71
0.00861,304.29
0.00862,304.85
0.00863,305.41
0.00864,305.96
0.00865,306.51
0.00866,307.04
0.00867,307.57
0.00868,308.09
0.00869,308.6
0.0087,309.1
0.00871,309.6
0.00872,310.09
0.00873,310.57
0.00874,311.04
0.00875,311.5
0.00876,311.95
0.00877,312.4
0.00878,312.84
0.00879,313.27
0.0088,313.69
0.00881,314.1
0.00882,314.5
0.00883,314.89
0.00884,315.28
0.00885,315.65
0.00886,316.02
0.00887,316.38
0.00888,316.73
0.00889,317.07
0.0089,317.4
0.00891,317.72
0.00892,318.03
0.00893,318.34
0.00894,318.63
0.00895,318.92
0.00896,319.19
0.00897,319.46
0.00898,319.72
0.00899,319.96
0.009,320.2
0.00901,320.43
0.00902,320.65
0.00903,320.86
0.00904,321.06
0.00905,321.25
0.00906,321.44
0.00907,321.61
0.00908,321.77
0.00909,321.92
0.0091,322.07
0.00911,322.2
0.00912,322.33
0.00913,322.44
0.00914,322.55
0.00915,322.64
0.00916,322.73
0.00917,322.81
0.00918,322.88
0.00919,322.93
0.0092,322.98
0.00921,323.02
0.00922,323.05
0.00923,323.07
0.00924,323.08
0.00925,323.09
0.00926,323.08
0.00927,323.06
0.00928,323.03
0.00929,323
0.0093,322.95
0.00931,322.9
0.00932,322.83
0.00933,322.76
0.00934,322.68
0.00935,322.59
0.00936,322.49
0.00937,322.38
0.00938,322.26
0.00939,322.13
0.0094,322
0.00941,321.85
0.00942,321.7
0.00943,321.54
0.00944,321.36
0.00945,321.18
0.00946,321
0.00947,320.8
0.00948,320.59
0.00949,320.38
0.0095,320.16
0.00951,319.92
0.00952,319.69
0.00953,319.44
0.00954,319.18
0.00955,318.92
0.00956,318.65
0.00957,318.37
0.00958,318.08
0.00959,317.78
0.0096,317.48
0.00961,317.17
0.00962,316.85
0.00963,316.53
0.00964,316.19
0.00965,315.85
0.00966,315.5
0.00967,315.15
0.00968,314.79
0.00969,314.42
0.0097,314.04
0.00971,313.66
0.00972,313.27
0.00973,312.87
0.00974,312.47
0.00975,312.06
0.00976,311.64
0.00977,311.22
0.00978,310.79
0.00979,310.36
0.0098,309.92
0.00981,309.47
0.00982,309.02
0.00983,308.56
0.00984,308.1
0.00985,307.63
0.00986,307.15
0.00987,306.67
0.00988,306.19
0.00989,305.7
0.0099,305.2
0.00991,304.7
0.00992,304.2
0.00993,303.69
0.00994,303.17
0.00995,302.66
0.00996,302.13
0.00997,301.61
0.00998,301.07
0.00999,300.54
0.01,300
0.01001,299.45
0.01002,298.91
0.01003,298.36
0.01004,297.8
0.01005,297.24
0.01006,296.68
0.01007,296.12
0.01008,295.55
0.01009,294.98
0.0101,294.41
0.01011,293.83
0.01012,293.25
0.01013,292.67
0.01014,292.08
0.01015,291.5
0.01016,290.91
0.01017,290.32
0.01018,289.73
0.01019,289.13
0.0102,288.53
0.01021,287.93
0.01022,287.33
0.01023,286.73
0.01024,286.13
0.01025,285.53
0.01026,284.92
0.01027,284.31
0.01028,283.71
0.01029,283.1
0.0103,282.49
0.01031,281.88
0.01032,281.27
0.01033,280.65
0.01034,280.04
0.01035,279.43
0.01036,278.82
0.01037,278.21
0.01038,277.59
0.01039,276.98
0.0104,276.37
0.01041,275.76
0.01042,275.14
0.01043,274.53
0.01044,273.92
0.01045,273.31
0.01046,272.7
0.01047,272.09
0.01048,271.48
0.01049,270.88
0.0105,270.27
0.01051,269.67
0.01052,269.06
0.01053,268.46
0.01054,267.86
0.01055,267.26
0.01056,266.66
0.01057,266.06
0.01058,265.47
0.01059,264.87
0.0106,264.28
0.01061,263.69
0.01062,263.1
0.01063,262.51
0.01064,261.93
0.01065,261.35
0.01066,260.77
0.01067,260.19
0.01068,259.61
0.01069,259.04
0.0107,258.46
0.01071,257.89
0.01072,257.33
0.01073,256.76
0.01074,256.2
0.01075,255.64
0.01076,255.08
0.01077,254.53
0.01078,253.98
0.01079,253.43
0.0108,252.88
0.01081,252.34
0.01082,251.8
0.01083,251.26
0.01084,250.72
0.01085,250.19
0.01086,249.66
0.01087,249.13
0.01088,248.61
0.01089,248.09
0.0109,247.57
0.01091,247.06
0.01092,246.55
0.01093,246.04
0.01094,245.53
0.01095,245.03
0.01096,244.53
0.01097,244.03
0.01098,243.54
0.01099,243.05
0.011,242.56
0.01101,242.07
0.01102,241.59
0.01103,241.11
0.01104,240.64
0.01105,240.16
0.01106,239.69
0.01107,239.23
0.01108,238.76
0.01109,238.3
0.0111,237.84
0.01111,237.39
0.01112,236.93
0.01113,236.48
0.01114,236.04
0.01115,235.59
0.01116,235.15
0.01117,234.71
0.01118,234.28
0.01119,233.84
0.0112,233.41
0.01121,232.98
0.01122,232.56
0.01123,232.13
0.01124,231.71
0.01125,231.29
0.01126,230.88
0.01127,230.46
0.01128,230.05
0.01129,229.64
0.0113,229.24
0.01131,228.83
0.01132,228.43
0.01133,228.03
0.01134,227.63
0.01135,227.23
0.01136,226.83
0.01137,226.44
0.01138,226.05
0.01139,225.65
0.0114,225.27
0.01141,224.88
0.01142,224.49
0.01143,224.11
0.01144,223.72
0.01145,223.34
0.01146,222.96
0.01147,222.58
0.01148,222.2
0.01149,221.82
0.0115,221.44
0.01151,221.06
0.01152,220.69
0.01153,220.31
0.01154,219.94
0.01155,219.56
0.01156,219.19
0.01157,218.81
0.01158,218.44
0.01159,218.06
0.0116,217.69
0.01161,217.31
0.01162,216.94
0.01163,216.56
0.01164,216.19
0.01165,215.81
0.01166,215.43
0.01167,215.06
0.01168,214.68
0.01169,214.3
0.0117,213.92
0.01171,213.54
0.01172,213.16
0.01173,212.77
0.01174,212.39
0.01175,212
0.01176,211.62
0.01177,211.23
0.01178,210.84
0.01179,210.44
0.0118,210.05
0.01181,209.65
0.01182,209.25
0.01183,208.85
0.01184,208.45
0.01185,208.04
0.01186,207.64
0.01187,207.23
0.01188,206.81
0.01189,206.4
0.0119,205.98
0.01191,205.56
0.01192,205.13
0.01193,204.7
0.01194,204.27
0.01195,203.84
0.01196,203.4
0.01197,202.96
0.01198,202.51
0.01199,202.07
0.012,201.61
0.01201,201.16
0.01202,200.7
0.01203,200.23
0.01204,199.76
0.01205,199.29
0.01206,198.81
0.01207,198.33
0.01208,197.85
0.01209,197.36
0.0121,196.86
0.01211,196.36
0.01212,195.86
0.01213,195.35
0.01214,194.83
0.01215,194.31
0.01216,193.79
0.01217,193.26
0.01218,192.72
0.01219,192.18
0.0122,191.64
0.01221,191.09
0.01222,190.53
0.01223,189.97
0.01224,189.4
0.01225,188.82
0.01226,188.24
0.01227,187.66
0.01228,187.06
0.01229,186.47
0.0123,185.86
0.01231,185.25
0.01232,184.63
0.01233,184.01
0.01234,183.38
0.01235,182.75
0.01236,182.1
0.01237,181.45
0.01238,180.8
0.01239,180.14
0.0124,179.47
0.01241,178.79
0.01242,178.11
0.01243,177.42
0.01244,176.72
0.01245,176.02
0.01246,175.31
0.01247,174.59
0.01248,173.87
0.01249,173.14
0.0125,172.4
0.01251,171.65
0.01252,170.9
0.01253,170.14
0.01254,169.37
0.01255,168.6
0.01256,167.82
0.01257,167.03
0.01258,166.23
0.01259,165.43
0.0126,164.62
0.01261,163.8
0.01262,162.97
0.01263,162.14
0.01264,161.3
0.01265,160.45
0.01266,159.6
0.01267,158.73
0.01268,157.86
0.01269,156.98
0.0127,156.1
0.01271,155.21
0.01272,154.31
0.01273,153.4
0.01274,152.49
0.01275,151.56
0.01276,150.63
0.01277,149.7
0.01278,148.75
0.01279,147.8
0.0128,146.84
0.01281,145.88
0.01282,144.9
0.01283,143.92
0.01284,142.93
0.01285,141.94
0.01286,140.94
0.01287,139.93
0.01288,138.91
0.01289,137.89
0.0129,136.85
0.01291,135.82
0.01292,134.77
0.01293,133.72
0.01294,132.66
0.01295,131.59
0.01296,130.52
0.01297,129.44
0.01298,128.36
0.01299,127.26
0.013,126.16
0.01301,125.06
0.01302,123.95
0.01303,122.83
0.01304,121.7
0.01305,120.57
0.01306,119.43
0.01307,118.29
0.01308,117.13
0.01309,115.98
0.0131,114.81
0.01311,113.65
0.01312,112.47
0.01313,111.29
0.01314,110.1
0.01315,108.91
0.01316,107.71
0.01317,106.51
0.01318,105.3
0.01319,104.08
0.0132,102.86
0.01321,101.64
0.01322,100.41
0.01323,99.17
0.01324,97.929
0.01325,96.682
0.01326,95.431
0.01327,94.175
0.01328,92.914
0.01329,91.648
0.0133,90.378
0.01331,89.103
0.01332,87.824
0.01333,86.54
0.01334,85.252
0.01335,83.96
0.01336,82.664
0.01337,81.364
0.01338,80.06
0.01339,78.752
0.0134,77.44
0.01341,76.124
0.01342,74.805
0.01343,73.483
0.01344,72.157
0.01345,70.827
0.01346,69.495
0.01347,68.159
0.01348,66.821
0.01349,65.479
0.0135,64.135
0.01351,62.787
0.01352,61.438
0.01353,60.085
0.01354,58.73
0.01355,57.373
0.01356,56.013
0.01357,54.651
0.01358,53.287
0.01359,51.922
0.0136,50.554
0.01361,49.184
0.01362,47.813
0.01363,46.44
0.01364,45.065
0.01365,43.689
0.01366,42.311
0.01367,40.933
0.01368,39.553
0.01369,38.172
0.0137,36.79
0.01371,35.407
0.01372,34.023
0.01373,32.639
0.01374,31.254
0.01375,29.868
0.01376,28.482
0.01377,27.096
0.01378,25.709
0.01379,24.322
0.0138,22.935
0.01381,21.548
0.01382,20.161
0.01383,18.775
0.01384,17.388
0.01385,16.002
0.01386,14.616
0.01387,13.23
0.01388,11.846
0.01389,10.461
0.0139,9.078
0.01391,7.6954
0.01392,6.3136
0.01393,4.9328
0.01394,3.553
0.01395,2.1743
0.01396,0.79676
0.01397,-0.5795
0.01398,-1.9544
0.01399,-3.328
0.014,-4.7001
0.01401,-6.0706
0.01402,-7.4395
0.01403,-8.8068
0.01404,-10.172
0.01405,-11.536
0.01406,-12.898
0.01407,-14.258
0.01408,-15.616
0.01409,-16.972
0.0141,-18.325
0.01411,-19.677
0.01412,-21.026
0.01413,-22.373
0.01414,-23.718
0.01415,-25.061
0.01416,-26.401
0.01417,-27.738
0.01418,-29.073
0.01419,-30.405
0.0142,-31.735
0.01421,-33.062
0.01422,-34.386
0.01423,-35.707
0.01424,-37.026
0.01425,-38.342
0.01426,-39.655
0.01427,-40.965
0.01428,-42.272
0.01429,-43.576
0.0143,-44.877
0.01431,-46.174
0.01432,-47.469
0.01433,-48.761
0.01434,-50.049
0.01435,-51.334
0.01436,-52.616
0.01437,-53.895
0.01438,-55.171
0.01439,-56.443
0.0144,-57.712
0.01441,-58.977
0.01442,-60.239
0.01443,-61.498
0.01444,-62.754
0.01445,-64.006
0.01446,-65.254
0.01447,-66.499
0.01448,-67.741
0.01449,-68.979
0.0145,-70.214
0.01451,-71.446
0.01452,-72.673
0.01453,-73.898
0.01454,-75.119
0.01455,-76.336
0.01456,-77.55
0.01457,-78.76
0.01458,-79.967
0.01459,-81.171
0.0146,-82.371
0.01461,-83.567
0.01462,-84.76
0.01463,-85.95
0.01464,-87.136
0.01465,-88.318
0.01466,-89.498
0.01467,-90.673
0.01468,-91.846
0.01469,-93.015
0.0147,-94.18
0.01471,-95.342
0.01472,-96.501
0.01473,-97.657
0.01474,-98.809
0.01475,-99.958
0.01476,-101.1
0.01477,-102.25
0.01478,-103.38
0.01479,-104.52
0.0148,-105.65
0.01481,-106.78
0.01482,-107.91
0.01483,-109.03
0.01484,-110.15
0.01485,-111.27
0.01486,-112.38
0.01487,-113.49
0.01488,-114.6
0.01489,-115.71
0.0149,-116.81
0.01491,-117.91
0.01492,-119
0.01493,-120.1
0.01494,-121.19
0.01495,-122.28
0.01496,-123.36
0.01497,-124.44
0.01498,-125.52
0.01499,-126.6
0.015,-127.68
0.01501,-128.75
0.01502,-129.82
0.01503,-130.88
0.01504,-131.95
0.01505,-133.01
0.01506,-134.07
0.01507,-135.13
0.01508,-136.18
0.01509,-137.24
0.0151,-138.29
0.01511,-139.33
0.01512,-140.38
0.01513,-141.43
0.01514,-142.47
0.01515,-143.51
0.01516,-144.55
0.01517,-145.58
0.01518,-146.62
0.01519,-147.65
0.0152,-148.68
0.01521,-149.71
0.01522,-150.73
0.01523,-151.76
0.01524,-152.78
0.01525,-153.8
0.01526,-154.82
0.01527,-155.84
0.01528,-156.86
0.01529,-157.87
0.0153,-158.89
0.01531,-159.9
0.01532,-160.91
0.01533,-161.92
0.01534,-162.93
0.01535,-163.94
0.01536,-164.94
0.01537,-165.95
0.01538,-166.95
0.01539,-167.95
0.0154,-168.95
0.01541,-169.95
0.01542,-170.95
0.01543,-171.95
0.01544,-172.94
0.01545,-173.94
0.01546,-174.93
0.01547,-175.93
0.01548,-176.92
0.01549,-177.91
0.0155,-178.9
0.01551,-179.89
0.01552,-180.88
0.01553,-181.87
0.01554,-182.85
0.01555,-183.84
0.01556,-184.83
0.01557,-185.81
0.01558,-186.79
0.01559,-187.78
0.0156,-188.76
0.01561,-189.74
0.01562,-190.72
0.01563,-191.7
0.01564,-192.68
0.01565,-193.66
0.01566,-194.64
0.01567,-195.62
0.01568,-196.59
0.01569,-197.57
0.0157,-198.55
0.01571,-199.52
0.01572,-200.5
0.01573,-201.47
0.01574,-202.44
0.01575,-203.42
0.01576,-204.39
0.01577,-205.36
0.01578,-206.33
0.01579,-207.3
0.0158,-208.27
0.01581,-209.24
0.01582,-210.2
0.01583,-211.17
0.01584,-212.14
0.01585,-213.1
0.01586,-214.07
0.01587,-215.03
0.01588,-216
0.01589,-216.96
0.0159,-217.92
0.01591,-218.88
0.01592,-219.84
0.01593,-220.8
0.01594,-221.76
0.01595,-222.72
0.01596,-223.67
0.01597,-224.63
0.01598,-225.58
0.01599,-226.54
0.016,-227.49
0.01601,-228.44
0.01602,-229.39
0.01603,-230.34
0.01604,-231.28
0.01605,-232.23
0.01606,-233.18
0.01607,-234.12
0.01608,-235.06
0.01609,-236
0.0161,-236.94
0.01611,-237.88
0.01612,-238.82
0.01613,-239.75
0.01614,-240.68
0.01615,-241.61
0.01616,-242.54
0.01617,-243.47
0.01618,-244.4
0.01619,-245.32
0.0162,-246.24
0.01621,-247.16
0.01622,-248.08
0.01623,-248.99
0.01624,-249.91
0.01625,-250.82
0.01626,-251.73
0.01627,-252.63
0.01628,-253.54
0.01629,-254.44
0.0163,-255.34
0.01631,-256.23
0.01632,-257.13
0.01633,-258.02
0.01634,-258.91
0.01635,-259.79
0.01636,-260.67
0.01637,-261.55
0.01638,-262.43
0.01639,-263.3
0.0164,-264.17
0.01641,-265.03
0.01642,-265.9
0.01643,-266.76
0.01644,-267.61
0.01645,-268.46
0.01646,-269.31
0.01647,-270.15
0.01648,-270.99
0.01649,-271.83
0.0165,-272.66
0.01651,-273.49
0.01652,-274.32
0.01653,-275.14
0.01654,-275.95
0.01655,-276.76
0.01656,-277.57
0.01657,-278.37
0.01658,-279.17
0.01659,-279.96
0.0166,-280.75
0.01661,-281.53
0.01662,-282.31
0.01663,-283.08
0.01664,-283.85
0.01665,-284.61
0.01666,-285.37
0.01667,-286.12
0.01668,-286.87
0.01669,-287.61
0.0167,-288.34
