time, ch1
-5,-3.76
-4.9999,-3.72
-4.9998,-3.72
-4.9997,-3.72
-4.9996,-3.72
-4.9995,-3.72
-4.9994,-3.68
-4.9993,-3.76
-4.9992,-3.72
-4.9991,-3.68
-4.999,-3.72
-4.9989,-3.76
-4.9988,-3.72
-4.9987,-3.72
-4.9986,-3.72
-4.9985,-4.56
-4.9984,-4.48
-4.9983,-4.52
-4.9982,-4.52
-4.9981,-4.52
-4.998,-4.52
-4.9979,-4.52
-4.9978,-4.52
-4.9977,-4.52
-4.9976,-4.52
-4.9975,-4.56
-4.9974,-4.52
-4.9973,-4.56
-4.9972,-4.56
-4.9971,-4.56
-4.997,-4.52
-4.9969,-4.48
-4.9968,-4.52
-4.9967,-4.56
-4.9966,-4.52
-4.996,-4.48
-4.994,-4.52
-4.992,-4.52
-4.99,-4.52
-4.988,-4.52
-4.986,-4.52
-4.984,-4.52
-4.982,-4.56
-4.98,-3.72
-4.978,-4.52
-4.976,-4.56
-4.974,-3.72
-4.972,-4.48
-4.97,-4.52
-4.968,-3.72
-4.966,-4.52
-4.964,-4.48
-4.962,-3.76
-4.96,-4.56
-4.958,-4.52
-4.956,-3.8
-4.954,-4.52
-4.952,-4.52
-4.95,-3.88
-4.948,-4.48
-4.946,-4.56
-4.944,-4.52
-4.942,-4.52
-4.94,-4.56
-4.938,-4.48
-4.936,-3.72
-4.934,-4.52
-4.932,-4.52
-4.93,-3.72
-4.928,-4.52
-4.926,-4.52
-4.924,-3.72
-4.922,-4.52
-4.92,-4.56
-4.918,-3.72
-4.916,-4.56
-4.914,-4.52
-4.912,-3.72
-4.91,-4.48
-4.908,-4.52
-4.906,-3.76
-4.904,-4.52
-4.902,-4.52
-4.9,-4
-4.898,-4.52
-4.896,-4.52
-4.894,-4.52
-4.892,-4.56
-4.89,-4.52
-4.888,-4.56
-4.886,-3.76
-4.884,-4.52
-4.882,-4.52
-4.88,-3.72
-4.878,-4.52
-4.876,-4.52
-4.874,-3.72
-4.872,-4.52
-4.87,-4.52
-4.868,-3.72
-4.866,-4.44
-4.864,-4.6
-4.862,-3.76
-4.86,-4.48
-4.858,-4.56
-4.856,-3.76
-4.854,-4.6
-4.852,-4.56
-4.85,-3.8
-4.848,-4.52
-4.846,-4.48
-4.844,-4.6
-4.842,-3.72
-4.84,-4.56
-4.838,-4.52
-4.836,-3.76
-4.834,-4.52
-4.832,-4.56
-4.83,-3.76
-4.828,-4.52
-4.826,-4.52
-4.824,-3.72
-4.822,-4.48
-4.82,-4.56
-4.818,-3.76
-4.816,-4.56
-4.814,-4.52
-4.812,-3.76
-4.81,-4.52
-4.808,-4.52
-4.806,-3.76
-4.804,-4.52
-4.802,-4.56
-4.8,-3.92
-4.798,-4.52
-4.796,-4.52
-4.794,-4.52
-4.792,-3.68
-4.79,-4.56
-4.788,-4.52
-4.786,-3.76
-4.784,-4.56
-4.782,-4.52
-4.78,-3.72
-4.778,-4.52
-4.776,-4.52
-4.774,-3.76
-4.772,-4.56
-4.77,-4.52
-4.768,-3.72
-4.766,-4.56
-4.764,-4.48
-4.762,-3.76
-4.76,-4.52
-4.758,-4.52
-4.756,-3.76
-4.754,-4.52
-4.752,-4.52
-4.75,-3.72
-4.748,-3.72
-4.746,-4.52
-4.744,-4.48
-4.742,-3.72
-4.74,-4.52
-4.738,-4.44
-4.7359,-3.72
-4.7339,-4.52
-4.7319,-4.52
-4.7299,-3.68
-4.7279,-4.44
-4.7259,-4.52
-4.7239,-3.72
-4.7219,-4.52
-4.7199,-4.52
-4.7179,-3.72
-4.7159,-4.52
-4.7139,-4.48
-4.7119,-3.76
-4.7099,-4.52
-4.7079,-4.52
-4.7059,-3.72
-4.7039,-4.48
-4.7019,-4.56
-4.6999,-3.68
-4.6979,-3.72
-4.6959,-4.56
-4.6939,-3.72
-4.6919,-3.72
-4.6899,-4.52
-4.6879,-4.48
-4.6859,-3.8
-4.6839,-4.52
-4.6819,-4.52
-4.6799,-3.72
-4.6779,-4.52
-4.6759,-4.56
-4.6739,-3.76
-4.6719,-4.56
-4.6699,-4.52
-4.6679,-3.76
-4.6659,-4.52
-4.6639,-4.52
-4.6619,-3.72
-4.6599,-4.48
-4.6579,-4.52
-4.6559,-3.76
-4.6539,-3.68
-4.6519,-4.52
-4.6499,-3.72
-4.6479,-3.72
-4.6459,-4.52
-4.6439,-3.76
-4.6419,-3.76
-4.6399,-4.56
-4.6379,-4.52
-4.6359,-3.72
-4.6339,-4.56
-4.6319,-4.56
-4.6299,-3.72
-4.6279,-4.48
-4.6259,-4.52
-4.6239,-3.72
-4.6219,-4.48
-4.6199,-4.52
-4.6179,-3.72
-4.6159,-4.56
-4.6139,-4.48
-4.6119,-3.72
-4.6099,-3.76
-4.6079,-4.52
-4.6059,-3.72
-4.6039,-3.76
-4.6019,-4.52
-4.5999,-3.76
-4.5979,-3.68
-4.5959,-4.52
-4.5939,-3.8
-4.5919,-3.68
-4.5899,-4.48
-4.5879,-4.44
-4.5859,-3.72
-4.5839,-4.52
-4.5819,-4.56
-4.5799,-3.72
-4.5779,-4.52
-4.5759,-4.52
-4.5739,-3.76
-4.5719,-4.56
-4.5699,-4.52
-4.5679,-3.72
-4.5659,-4.56
-4.5639,-4.48
-4.5619,-3.68
-4.5599,-3.72
-4.5579,-4.52
-4.5559,-3.76
-4.5539,-3.76
-4.5519,-4.48
-4.5499,-3.76
-4.5479,-3.72
-4.5459,-4.52
-4.5439,-3.68
-4.5419,-3.76
-4.5399,-4.56
-4.5379,-4.16
-4.5359,-3.72
-4.5339,-4.56
-4.5319,-4.52
-4.5299,-3.72
-4.5279,-4.44
-4.5259,-4.52
-4.5239,-3.72
-4.5219,-4.52
-4.5199,-4.52
-4.5179,-3.76
-4.5159,-3.72
-4.5139,-4.56
-4.5119,-3.72
-4.5099,-3.76
-4.5079,-4.52
-4.5059,-3.72
-4.5039,-3.72
-4.5019,-4.52
-4.4999,-3.72
-4.4979,-3.72
-4.4959,-4.48
-4.4939,-3.72
-4.4919,-3.72
-4.4899,-4.48
-4.4879,-3.84
-4.4859,-3.72
-4.4839,-4.52
-4.4819,-4.52
-4.4799,-3.72
-4.4779,-4.52
-4.4759,-4.56
-4.4739,-3.76
-4.4719,-3.72
-4.4699,-4.56
-4.4679,-3.76
-4.4659,-3.76
-4.4639,-4.52
-4.4619,-3.8
-4.4599,-3.76
-4.4579,-4.56
-4.4559,-3.72
-4.4539,-3.76
-4.4519,-4.52
-4.4499,-3.72
-4.4479,-3.72
-4.4459,-4.56
-4.4439,-3.76
-4.4419,-3.76
-4.4399,-4.56
-4.4379,-3.72
-4.4359,-3.72
-4.4339,-4.52
-4.4319,-4.2
-4.4299,-3.76
-4.4279,-3.76
-4.4259,-4.56
-4.4239,-3.72
-4.4219,-3.76
-4.4199,-4.48
-4.4179,-3.72
-4.4159,-3.76
-4.4139,-4.52
-4.4119,-3.72
-4.4099,-3.76
-4.4079,-4.52
-4.4059,-3.68
-4.4039,-3.76
-4.4019,-4.52
-4.3999,-3.76
-4.3979,-3.72
-4.3959,-4.52
-4.3939,-3.76
-4.3919,-3.72
-4.3899,-4.52
-4.3879,-3.72
-4.3859,-3.72
-4.3839,-3.72
-4.3819,-3.76
-4.3799,-3.72
-4.3779,-3.72
-4.3759,-4.52
-4.3739,-3.68
-4.3719,-3.76
-4.3699,-4.48
-4.3679,-3.72
-4.3659,-3.72
-4.3639,-4.48
-4.3619,-3.72
-4.3599,-3.72
-4.3579,-4.52
-4.3559,-3.8
-4.3539,-3.72
-4.3519,-4.52
-4.3499,-3.68
-4.3479,-3.72
-4.3459,-4.52
-4.3439,-3.72
-4.3419,-3.72
-4.3399,-3.72
-4.3379,-3.72
-4.3359,-3.8
-4.3339,-3.68
-4.3319,-3.76
-4.3299,-3.72
-4.3279,-3.64
-4.3259,-4.36
-4.3239,-3.76
-4.3219,-3.72
-4.3199,-4.52
-4.3179,-3.68
-4.3159,-3.72
-4.3139,-4.56
-4.3119,-3.72
-4.3099,-3.72
-4.3079,-4.48
-4.3059,-3.72
-4.3039,-3.72
-4.3019,-4.52
-4.2999,-3.72
-4.2979,-3.72
-4.2959,-4.36
-4.2939,-3.76
-4.2919,-3.72
-4.2899,-3.72
-4.2879,-3.76
-4.2859,-3.76
-4.2839,-3.76
-4.2819,-3.68
-4.2799,-3.72
-4.2779,-3.76
-4.2759,-4.16
-4.2739,-3.72
-4.2719,-3.72
-4.2699,-4.52
-4.2679,-3.72
-4.2659,-3.72
-4.2639,-4.56
-4.2619,-3.72
-4.2599,-3.72
-4.2579,-4.6
-4.2559,-3.68
-4.2539,-3.72
-4.2519,-4.52
-4.2499,-3.72
-4.2479,-3.72
-4.2459,-3.72
-4.2439,-3.76
-4.2419,-3.72
-4.2399,-3.72
-4.2379,-3.72
-4.2359,-3.76
-4.2339,-3.76
-4.2319,-3.72
-4.2299,-3.72
-4.2279,-3.72
-4.2259,-3.92
-4.2239,-3.72
-4.2219,-3.76
-4.2199,-4.28
-4.2179,-3.72
-4.2159,-3.68
-4.2139,-4.52
-4.2119,-3.72
-4.2098,-3.76
-4.2078,-4.52
-4.2058,-3.72
-4.2038,-3.72
-4.2018,-3.76
-4.1998,-3.76
-4.1978,-3.72
-4.1958,-3.72
-4.1938,-3.72
-4.1918,-3.72
-4.1898,-3.72
-4.1878,-3.72
-4.1858,-3.68
-4.1838,-3.76
-4.1818,-3.8
-4.1798,-3.72
-4.1778,-3.72
-4.1758,-3.72
-4.1738,-3.72
-4.1718,-3.72
-4.1698,-3.92
-4.1678,-3.76
-4.1658,-3.72
-4.1638,-4.52
-4.1618,-3.72
-4.1598,-3.76
-4.1578,-3.8
-4.1558,-3.72
-4.1538,-3.72
-4.1518,-3.72
-4.1498,-3.72
-4.1478,-3.72
-4.1458,-3.76
-4.1438,-3.72
-4.1418,-3.76
-4.1398,-3.8
-4.1378,-3.84
-4.1358,-3.72
-4.1338,-3.76
-4.1318,-3.76
-4.1298,-3.76
-4.1278,-3.72
-4.1258,-3.72
-4.1238,-3.72
-4.1218,-3.76
-4.1198,-3.72
-4.1178,-3.72
-4.1158,-3.76
-4.1138,-3.72
-4.1118,-3.76
-4.1098,-3.76
-4.1078,-3.76
-4.1058,-3.72
-4.1038,-3.72
-4.1018,-3.76
-4.0998,-3.72
-4.0978,-3.76
-4.0958,-3.72
-4.0938,-3.72
-4.0918,-3.76
-4.0898,-3.72
-4.0878,-3.72
-4.0858,-3.72
-4.0838,-3.72
-4.0818,-3.72
-4.0798,-3.76
-4.0778,-3.72
-4.0758,-3.72
-4.0738,-3.72
-4.0718,-3.68
-4.0698,-3.16
-4.0678,-3.72
-4.0658,-3.72
-4.0638,-3.2
-4.0618,-3.76
-4.0598,-3.72
-4.0578,-3.72
-4.0558,-3.76
-4.0538,-3.72
-4.0518,-3.76
-4.0498,-3.76
-4.0478,-3.72
-4.0458,-3.72
-4.0438,-3.72
-4.0418,-3.72
-4.0398,-3.68
-4.0378,-3.72
-4.0358,-3.72
-4.0338,-3.72
-4.0318,-3.76
-4.0298,-3.72
-4.0278,-3.72
-4.0258,-3.72
-4.0238,-3.72
-4.0218,-3.72
-4.0198,-2.96
-4.0178,-3.72
-4.0158,-3.76
-4.0138,-2.92
-4.0118,-3.76
-4.0098,-3.72
-4.0078,-3.72
-4.0058,-3.76
-4.0038,-3.72
-4.0018,-3.72
-3.9998,-3.76
-3.9978,-3.8
-3.9958,-3.68
-3.9938,-3.72
-3.9918,-3.76
-3.9898,-3.72
-3.9878,-3.72
-3.9858,-3.68
-3.9838,-3.72
-3.9818,-3.72
-3.9798,-3.72
-3.9778,-3.72
-3.9758,-3.04
-3.9738,-3.72
-3.9718,-3.76
-3.9698,-2.92
-3.9678,-3.72
-3.9658,-3.72
-3.9638,-2.92
-3.9618,-3.72
-3.9598,-3.72
-3.9578,-3
-3.9558,-3.72
-3.9538,-3.8
-3.9518,-3.72
-3.9498,-3.72
-3.9478,-3.72
-3.9458,-3.72
-3.9438,-3.72
-3.9418,-3.76
-3.9398,-3.76
-3.9378,-3.72
-3.9358,-3.72
-3.9338,-3.72
-3.9318,-3.16
-3.9298,-3.72
-3.9278,-3.76
-3.9258,-2.88
-3.9238,-3.76
-3.9218,-3.72
-3.9198,-2.92
-3.9178,-3.72
-3.9158,-3.76
-3.9138,-2.92
-3.9118,-3.72
-3.9098,-3.72
-3.9078,-2.92
-3.9058,-3.72
-3.9038,-3.72
-3.9018,-3.76
-3.8998,-3.72
-3.8978,-3.8
-3.8958,-3.72
-3.8938,-3.76
-3.8918,-3.76
-3.8898,-3.8
-3.8878,-3.36
-3.8858,-3.72
-3.8838,-3.72
-3.8818,-2.92
-3.8798,-3.72
-3.8778,-3.72
-3.8758,-2.96
-3.8738,-3.76
-3.8718,-3.72
-3.8698,-3
-3.8678,-3.76
-3.8658,-3.72
-3.8638,-2.92
-3.8618,-3.8
-3.8598,-3.72
-3.8578,-2.88
-3.8558,-3.72
-3.8538,-3.72
-3.8518,-2.96
-3.8498,-3.72
-3.8478,-3.72
-3.8458,-3.76
-3.8438,-3.4
-3.8418,-3.76
-3.8398,-3.72
-3.8378,-2.96
-3.8358,-3.76
-3.8338,-3.76
-3.8318,-2.96
-3.8298,-3.72
-3.8278,-3.72
-3.8258,-2.92
-3.8238,-3.76
-3.8218,-3.76
-3.8198,-2.92
-3.8178,-3.76
-3.8158,-3.76
-3.8138,-2.92
-3.8118,-3.76
-3.8098,-3.72
-3.8078,-2.88
-3.8058,-3.72
-3.8038,-3.72
-3.8018,-2.88
-3.7998,-3.72
-3.7978,-3.72
-3.7958,-3.72
-3.7938,-2.88
-3.7918,-3.72
-3.7898,-3.76
-3.7878,-2.92
-3.7858,-3.8
-3.7838,-3.72
-3.7818,-2.92
-3.7798,-3.68
-3.7778,-3.72
-3.7758,-2.88
-3.7738,-3.72
-3.7718,-3.76
-3.7698,-2.92
-3.7678,-3.68
-3.7658,-3.76
-3.7638,-2.92
-3.7618,-3.72
-3.7598,-3.76
-3.7578,-2.92
-3.7558,-3.68
-3.7538,-3.72
-3.7518,-2.96
-3.7498,-2.96
-3.7478,-3.72
-3.7458,-3.32
-3.7438,-2.92
-3.7418,-3.76
-3.7398,-3.72
-3.7378,-2.96
-3.7358,-3.76
-3.7338,-3.72
-3.7318,-2.96
-3.7298,-3.76
-3.7278,-3.76
-3.7258,-2.96
-3.7238,-3.76
-3.7218,-3.72
-3.7198,-2.96
-3.7178,-3.72
-3.7158,-3.8
-3.7138,-2.92
-3.7118,-3.76
-3.7098,-3.72
-3.7078,-2.88
-3.7058,-2.96
-3.7038,-3.8
-3.7018,-2.92
-3.6998,-2.96
-3.6978,-3.76
-3.6958,-2.96
-3.6938,-2.88
-3.6918,-3.72
-3.6898,-3.72
-3.6878,-2.88
-3.6858,-3.8
-3.6837,-3.72
-3.6817,-2.88
-3.6797,-3.72
-3.6777,-3.76
-3.6757,-2.88
-3.6737,-3.76
-3.6717,-3.76
-3.6697,-2.92
-3.6677,-3.76
-3.6657,-3.72
-3.6637,-2.92
-3.6617,-3.68
-3.6597,-3.72
-3.6577,-2.92
-3.6557,-2.88
-3.6537,-3.72
-3.6517,-2.96
-3.6497,-2.88
-3.6477,-3.72
-3.6457,-2.96
-3.6437,-2.92
-3.6417,-3.72
-3.6397,-2.92
-3.6377,-2.88
-3.6357,-3.72
-3.6337,-3.72
-3.6317,-2.88
-3.6297,-3.72
-3.6277,-3.72
-3.6257,-2.92
-3.6237,-3.72
-3.6217,-3.76
-3.6197,-2.92
-3.6177,-3.72
-3.6157,-3.72
-3.6137,-2.92
-3.6117,-2.88
-3.6097,-3.72
-3.6077,-2.92
-3.6057,-2.92
-3.6037,-3.72
-3.6017,-2.88
-3.5997,-2.96
-3.5977,-3.72
-3.5957,-2.92
-3.5937,-2.96
-3.5917,-3.72
-3.5897,-2.92
-3.5877,-2.92
-3.5857,-3.72
-3.5837,-3.72
-3.5817,-2.88
-3.5797,-3.76
-3.5777,-3.68
-3.5757,-2.96
-3.5737,-3.72
-3.5717,-3.8
-3.5697,-2.92
-3.5677,-3.08
-3.5657,-3.72
-3.5637,-2.92
-3.5617,-2.92
-3.5597,-3.76
-3.5577,-2.92
-3.5557,-2.88
-3.5537,-3.76
-3.5517,-2.92
-3.5497,-2.96
-3.5477,-3.72
-3.5457,-2.92
-3.5437,-2.92
-3.5417,-3.72
-3.5397,-2.92
-3.5377,-2.92
-3.5357,-3.76
-3.5337,-3.72
-3.5317,-2.92
-3.5297,-3.72
-3.5277,-3.68
-3.5257,-2.88
-3.5237,-3.68
-3.5217,-3.68
-3.5197,-2.92
-3.5177,-2.92
-3.5157,-3.76
-3.5137,-2.92
-3.5117,-2.96
-3.5097,-3.72
-3.5077,-2.96
-3.5057,-2.96
-3.5037,-3.72
-3.5017,-2.92
-3.4997,-2.92
-3.4977,-3.72
-3.4957,-2.92
-3.4937,-2.96
-3.4917,-3.72
-3.4897,-2.96
-3.4877,-2.92
-3.4857,-3.76
-3.4837,-2.96
-3.4817,-2.92
-3.4797,-3.72
-3.4777,-3.68
-3.4757,-2.88
-3.4737,-2.92
-3.4717,-3.72
-3.4697,-2.96
-3.4677,-2.96
-3.4657,-3.72
-3.4637,-2.88
-3.4617,-2.88
-3.4597,-3.68
-3.4577,-2.88
-3.4557,-2.92
-3.4537,-3.76
-3.4517,-2.92
-3.4497,-2.92
-3.4477,-3.72
-3.4457,-2.96
-3.4437,-2.92
-3.4417,-3.76
-3.4397,-2.92
-3.4377,-2.92
-3.4357,-3.76
-3.4337,-2.92
-3.4317,-2.92
-3.4297,-3.12
-3.4277,-3.76
-3.4257,-2.88
-3.4237,-2.92
-3.4217,-3.76
-3.4197,-2.88
-3.4177,-2.88
-3.4157,-3.72
-3.4137,-2.92
-3.4117,-2.92
-3.4097,-3.76
-3.4077,-2.92
-3.4057,-2.96
-3.4037,-3.76
-3.4017,-2.92
-3.3997,-2.96
-3.3977,-3.72
-3.3957,-2.92
-3.3937,-2.92
-3.3917,-3.68
-3.3897,-2.92
-3.3877,-2.96
-3.3857,-3.72
-3.3837,-2.88
-3.3817,-2.88
-3.3797,-2.92
-3.3777,-3.76
-3.3757,-2.92
-3.3737,-2.92
-3.3717,-3.76
-3.3697,-2.92
-3.3677,-2.88
-3.3657,-3.68
-3.3637,-2.96
-3.3617,-2.96
-3.3597,-3.72
-3.3577,-2.88
-3.3557,-2.96
-3.3537,-3.68
-3.3517,-2.92
-3.3497,-2.92
-3.3477,-3.68
-3.3457,-2.96
-3.3437,-2.92
-3.3417,-3.72
-3.3397,-2.92
-3.3377,-2.92
-3.3357,-3
-3.3337,-2.92
-3.3317,-2.92
-3.3297,-2.96
-3.3277,-3.72
-3.3257,-2.96
-3.3237,-2.92
-3.3217,-3.72
-3.3197,-2.92
-3.3177,-2.92
-3.3157,-3.72
-3.3137,-2.88
-3.3117,-2.92
-3.3097,-3.8
-3.3077,-2.92
-3.3057,-2.92
-3.3037,-3.76
-3.3017,-3
-3.2997,-2.92
-3.2977,-3.72
-3.2957,-2.92
-3.2937,-2.92
-3.2917,-3.52
-3.2897,-2.96
-3.2877,-2.96
-3.2857,-2.96
-3.2837,-2.96
-3.2817,-2.88
-3.2797,-2.92
-3.2777,-3.72
-3.2757,-2.92
-3.2737,-2.88
-3.2717,-3.76
-3.2697,-2.88
-3.2677,-2.84
-3.2657,-3.76
-3.2637,-2.92
-3.2617,-2.92
-3.2597,-3.76
-3.2577,-2.92
-3.2557,-2.92
-3.2537,-3.72
-3.2517,-2.88
-3.2497,-2.92
-3.2477,-3.72
-3.2457,-2.92
-3.2437,-2.92
-3.2417,-3.04
-3.2397,-2.92
-3.2377,-2.92
-3.2357,-2.96
-3.2337,-2.96
-3.2317,-2.88
-3.2297,-2.96
-3.2277,-3.72
-3.2257,-2.92
-3.2237,-2.96
-3.2217,-3.76
-3.2197,-2.88
-3.2177,-2.84
-3.2157,-3.72
-3.2137,-2.88
-3.2117,-2.92
-3.2097,-3.72
-3.2077,-2.88
-3.2057,-2.92
-3.2037,-3.72
-3.2017,-2.96
-3.1997,-2.92
-3.1977,-3.72
-3.1957,-2.88
-3.1937,-2.88
-3.1917,-2.96
-3.1897,-2.92
-3.1877,-2.92
-3.1857,-2.88
-3.1837,-2.88
-3.1817,-2.92
-3.1797,-2.92
-3.1777,-3.72
-3.1757,-2.92
-3.1737,-2.92
-3.1717,-3.76
-3.1697,-2.92
-3.1677,-2.92
-3.1657,-3.72
-3.1637,-2.88
-3.1617,-2.92
-3.1597,-3.68
-3.1576,-2.92
-3.1556,-2.92
-3.1536,-3.72
-3.1516,-2.92
-3.1496,-2.92
-3.1476,-3.76
-3.1456,-2.96
-3.1436,-2.84
-3.1416,-2.92
-3.1396,-3
-3.1376,-2.92
-3.1356,-2.88
-3.1336,-2.92
-3.1316,-2.92
-3.1296,-2.92
-3.1276,-3.76
-3.1256,-2.92
-3.1236,-2.92
-3.1216,-3.72
-3.1196,-2.92
-3.1176,-2.92
-3.1156,-3.72
-3.1136,-2.96
-3.1116,-2.92
-3.1096,-3.72
-3.1076,-2.88
-3.1056,-2.92
-3.1036,-3.72
-3.1016,-2.92
-3.0996,-2.96
-3.0976,-3.6
-3.0956,-2.88
-3.0936,-2.96
-3.0916,-2.96
-3.0896,-2.96
-3.0876,-2.92
-3.0856,-2.92
-3.0836,-2.92
-3.0816,-2.92
-3.0796,-2.92
-3.0776,-3.72
-3.0756,-2.96
-3.0736,-2.96
-3.0716,-3.76
-3.0696,-2.92
-3.0676,-2.96
-3.0656,-3.76
-3.0636,-2.88
-3.0616,-2.92
-3.0596,-3.76
-3.0576,-2.96
-3.0556,-2.92
-3.0536,-3.72
-3.0516,-2.92
-3.0496,-2.88
-3.0476,-3.2
-3.0456,-2.88
-3.0436,-2.96
-3.0416,-2.92
-3.0396,-2.88
-3.0376,-2.92
-3.0356,-2.96
-3.0336,-2.88
-3.0316,-2.92
-3.0296,-2.92
-3.0276,-3.72
-3.0256,-2.88
-3.0236,-2.92
-3.0216,-3.72
-3.0196,-2.92
-3.0176,-2.88
-3.0156,-3.72
-3.0136,-2.92
-3.0116,-2.88
-3.0096,-3.72
-3.0076,-2.92
-3.0056,-2.92
-3.0036,-3.72
-3.0016,-2.96
-2.9996,-2.88
-2.9976,-2.92
-2.9956,-2.88
-2.9936,-2.84
-2.9916,-2.96
-2.9896,-2.88
-2.9876,-2.96
-2.9856,-2.88
-2.9836,-3.76
-2.9816,-2.96
-2.9796,-2.92
-2.9776,-3.76
-2.9756,-2.96
-2.9736,-2.92
-2.9716,-3.76
-2.9696,-2.92
-2.9676,-2.96
-2.9656,-3.72
-2.9636,-2.88
-2.9616,-2.92
-2.9596,-3.72
-2.9576,-2.92
-2.9556,-2.92
-2.9536,-3.72
-2.9516,-2.92
-2.9496,-2.92
-2.9476,-2.96
-2.9456,-2.96
-2.9436,-2.92
-2.9416,-2.92
-2.9396,-2.88
-2.9376,-2.92
-2.9356,-2.92
-2.9336,-3.76
-2.9316,-2.92
-2.9296,-2.92
-2.9276,-3.72
-2.9256,-2.96
-2.9236,-2.96
-2.9216,-3.76
-2.9196,-2.92
-2.9176,-2.96
-2.9156,-3.76
-2.9136,-2.92
-2.9116,-2.92
-2.9096,-3.76
-2.9076,-2.96
-2.9056,-2.92
-2.9036,-3.76
-2.9016,-2.92
-2.8996,-2.92
-2.8976,-2.88
-2.8956,-2.92
-2.8936,-2.92
-2.8916,-3
-2.8896,-2.96
-2.8876,-2.92
-2.8856,-2.92
-2.8836,-3.72
-2.8816,-2.96
-2.8796,-2.92
-2.8776,-3.76
-2.8756,-2.88
-2.8736,-2.96
-2.8716,-3.76
-2.8696,-2.96
-2.8676,-2.92
-2.8656,-3.72
-2.8636,-2.92
-2.8616,-2.92
-2.8596,-3.72
-2.8576,-2.88
-2.8556,-2.96
-2.8536,-3.72
-2.8516,-2.88
-2.8496,-2.92
-2.8476,-2.92
-2.8456,-2.88
-2.8436,-2.92
-2.8416,-2.88
-2.8396,-3.72
-2.8376,-2.88
-2.8356,-2.92
-2.8336,-3.68
-2.8316,-2.92
-2.8296,-2.92
-2.8276,-3.72
-2.8256,-2.92
-2.8236,-2.96
-2.8216,-3.72
-2.8196,-2.88
-2.8176,-2.92
-2.8156,-3.72
-2.8136,-2.92
-2.8116,-2.92
-2.8096,-3.76
-2.8076,-2.88
-2.8056,-2.92
-2.8036,-3.72
-2.8016,-2.88
-2.7996,-2.96
-2.7976,-2.88
-2.7956,-2.96
-2.7936,-2.92
-2.7916,-2.92
-2.7896,-3.72
-2.7876,-2.92
-2.7856,-2.96
-2.7836,-3.72
-2.7816,-2.92
-2.7796,-2.88
-2.7776,-3.68
-2.7756,-2.88
-2.7736,-2.92
-2.7716,-3.76
-2.7696,-2.84
-2.7676,-2.92
-2.7656,-3.76
-2.7636,-2.88
-2.7616,-2.92
-2.7596,-3.76
-2.7576,-2.92
-2.7556,-2.92
-2.7536,-3.72
-2.7516,-2.92
-2.7496,-2.88
-2.7476,-2.96
-2.7456,-3.76
-2.7436,-2.88
-2.7416,-2.92
-2.7396,-3.72
-2.7376,-2.88
-2.7356,-2.88
-2.7336,-3.76
-2.7316,-2.88
-2.7296,-2.96
-2.7276,-3.72
-2.7256,-2.92
-2.7236,-2.92
-2.7216,-3.72
-2.7196,-2.92
-2.7176,-2.96
-2.7156,-3.76
-2.7136,-2.92
-2.7116,-2.92
-2.7096,-3.72
-2.7076,-2.96
-2.7056,-2.88
-2.7036,-3.76
-2.7016,-3
-2.6996,-2.92
-2.6976,-2.96
-2.6956,-3.72
-2.6936,-2.92
-2.6916,-2.88
-2.6896,-3.76
-2.6876,-2.88
-2.6856,-2.92
-2.6836,-3.72
-2.6816,-2.92
-2.6796,-2.88
-2.6776,-3.8
-2.6756,-2.96
-2.6736,-2.92
-2.6716,-3.72
-2.6696,-2.88
-2.6676,-2.96
-2.6656,-3.72
-2.6636,-2.92
-2.6616,-2.92
-2.6596,-3.72
-2.6576,-2.92
-2.6556,-2.92
-2.6536,-3.8
-2.6516,-3.72
-2.6496,-2.92
-2.6476,-3.08
-2.6456,-3.72
-2.6436,-2.96
-2.6416,-2.88
-2.6396,-3.72
-2.6376,-2.92
-2.6356,-2.92
-2.6336,-3.68
-2.6315,-2.88
-2.6295,-2.92
-2.6275,-3.72
-2.6255,-2.88
-2.6235,-2.88
-2.6215,-3.68
-2.6195,-2.96
-2.6175,-2.96
-2.6155,-3.76
-2.6135,-2.88
-2.6115,-2.96
-2.6095,-3.72
-2.6075,-2.96
-2.6055,-2.92
-2.6035,-3.68
-2.6015,-3.72
-2.5995,-2.92
-2.5975,-3.72
-2.5955,-3.72
-2.5935,-2.88
-2.5915,-2.88
-2.5895,-3.76
-2.5875,-2.92
-2.5855,-2.92
-2.5835,-3.72
-2.5815,-2.96
-2.5795,-2.96
-2.5775,-3.76
-2.5755,-2.96
-2.5735,-2.92
-2.5715,-3.72
-2.5695,-2.92
-2.5675,-2.92
-2.5655,-3.68
-2.5635,-2.92
-2.5615,-2.92
-2.5595,-3.72
-2.5575,-3.8
-2.5555,-2.92
-2.5535,-3.76
-2.5515,-3.76
-2.5495,-2.92
-2.5475,-3.72
-2.5455,-3.72
-2.5435,-2.88
-2.5415,-2.96
-2.5395,-3.76
-2.5375,-2.88
-2.5355,-2.96
-2.5335,-3.72
-2.5315,-2.96
-2.5295,-2.88
-2.5275,-3.8
-2.5255,-2.88
-2.5235,-2.92
-2.5215,-3.72
-2.5195,-2.96
-2.5175,-2.96
-2.5155,-3.72
-2.5135,-3.72
-2.5115,-2.92
-2.5095,-3.72
-2.5075,-3.76
-2.5055,-2.88
-2.5035,-3.72
-2.5015,-3.72
-2.4995,-2.84
-2.4975,-3.72
-2.4955,-3.72
-2.4935,-2.96
-2.4915,-3.24
-2.4895,-3.72
-2.4875,-2.88
-2.4855,-2.92
-2.4835,-3.72
-2.4815,-2.92
-2.4795,-2.92
-2.4775,-3.72
-2.4755,-2.96
-2.4735,-2.92
-2.4715,-3.72
-2.4695,-3.72
-2.4675,-2.92
-2.4655,-3.72
-2.4635,-3.68
-2.4615,-2.92
-2.4595,-3.72
-2.4575,-3.68
-2.4555,-2.88
-2.4535,-3.72
-2.4515,-3.72
-2.4495,-2.92
-2.4475,-3.72
-2.4455,-3.72
-2.4435,-2.92
-2.4415,-3.56
-2.4395,-3.72
-2.4375,-2.92
-2.4355,-2.88
-2.4335,-3.72
-2.4315,-2.92
-2.4295,-3
-2.4275,-3.72
-2.4255,-2.92
-2.4235,-2.96
-2.4215,-3.8
-2.4195,-3.72
-2.4175,-2.96
-2.4155,-3.76
-2.4135,-3.72
-2.4115,-2.88
-2.4095,-3.72
-2.4075,-3.72
-2.4055,-2.96
-2.4035,-3.68
-2.4015,-3.76
-2.3995,-2.96
-2.3975,-3.72
-2.3955,-3.72
-2.3935,-2.96
-2.3915,-3.68
-2.3895,-3.72
-2.3875,-2.92
-2.3855,-3.04
-2.3835,-3.68
-2.3815,-2.88
-2.3795,-2.92
-2.3775,-3.76
-2.3755,-3.72
-2.3735,-2.96
-2.3715,-3.72
-2.3695,-3.76
-2.3675,-2.92
-2.3655,-3.72
-2.3635,-3.76
-2.3615,-2.92
-2.3595,-3.76
-2.3575,-3.72
-2.3555,-2.92
-2.3535,-3.72
-2.3515,-3.76
-2.3495,-2.96
-2.3475,-3.72
-2.3455,-3.72
-2.3435,-2.92
-2.3415,-3.72
-2.3395,-3.72
-2.3375,-2.92
-2.3355,-3.44
-2.3335,-3.72
-2.3315,-3.76
-2.3295,-2.96
-2.3275,-3.72
-2.3255,-3.72
-2.3235,-2.92
-2.3215,-3.72
-2.3195,-3.72
-2.3175,-3
-2.3155,-3.72
-2.3135,-3.72
-2.3115,-2.92
-2.3095,-3.76
-2.3075,-3.68
-2.3055,-2.96
-2.3035,-3.72
-2.3015,-3.76
-2.2995,-2.88
-2.2975,-3.76
-2.2955,-3.68
-2.2935,-2.92
-2.2915,-3.72
-2.2895,-3.72
-2.2875,-3.72
-2.2855,-3.76
-2.2835,-3.76
-2.2815,-3.72
-2.2795,-3
-2.2775,-3.72
-2.2755,-3.76
-2.2735,-2.88
-2.2715,-3.76
-2.2695,-3.72
-2.2675,-2.96
-2.2655,-3.72
-2.2635,-3.76
-2.2615,-2.92
-2.2595,-3.72
-2.2575,-3.72
-2.2555,-2.88
-2.2535,-3.72
-2.2515,-3.72
-2.2495,-2.92
-2.2475,-3.72
-2.2455,-3.76
-2.2435,-3.72
-2.2415,-3.72
-2.2395,-3.72
-2.2375,-3.72
-2.2355,-3.72
-2.2335,-3.72
-2.2315,-3.76
-2.2295,-3.24
-2.2275,-3.68
-2.2255,-3.76
-2.2235,-2.92
-2.2215,-3.72
-2.2195,-3.72
-2.2175,-2.92
-2.2155,-3.72
-2.2135,-3.68
-2.2115,-2.92
-2.2095,-3.72
-2.2075,-3.72
-2.2055,-2.92
-2.2035,-3.72
-2.2015,-3.76
-2.1995,-3.76
-2.1975,-3.72
-2.1955,-3.72
-2.1935,-3.72
-2.1915,-3.72
-2.1895,-3.72
-2.1875,-3.72
-2.1855,-3.72
-2.1835,-3.72
-2.1815,-3.68
-2.1795,-3.44
-2.1775,-3.72
-2.1755,-3.72
-2.1735,-3
-2.1715,-3.72
-2.1695,-3.76
-2.1675,-2.96
-2.1655,-3.72
-2.1635,-3.76
-2.1615,-2.92
-2.1595,-3.76
-2.1575,-3.72
-2.1555,-2.92
-2.1535,-3.72
-2.1515,-3.76
-2.1495,-3.72
-2.1475,-3.72
-2.1455,-3.68
-2.1435,-3.76
-2.1415,-3.76
-2.1395,-3.72
-2.1375,-3.72
-2.1355,-3.72
-2.1335,-3.72
-2.1315,-3.72
-2.1295,-3.76
-2.1275,-3.72
-2.1255,-3.72
-2.1235,-3.24
-2.1215,-3.76
-2.1195,-3.72
-2.1175,-2.88
-2.1155,-3.72
-2.1135,-3.72
-2.1115,-2.92
-2.1095,-3.72
-2.1075,-3.76
-2.1055,-3.72
-2.1034,-3.72
-2.1014,-3.72
-2.0994,-3.76
-2.0974,-3.76
-2.0954,-3.76
-2.0934,-3.72
-2.0914,-3.76
-2.0894,-3.72
-2.0874,-3.72
-2.0854,-3.72
-2.0834,-3.72
-2.0814,-3.72
-2.0794,-3.72
-2.0774,-3.72
-2.0754,-3.76
-2.0734,-3.72
-2.0714,-3.72
-2.0694,-3.72
-2.0674,-2.92
-2.0654,-3.72
-2.0634,-3.72
-2.0614,-3.72
-2.0594,-3.72
-2.0574,-3.72
-2.0554,-3.72
-2.0534,-3.68
-2.0514,-3.72
-2.0494,-3.72
-2.0474,-3.68
-2.0454,-3.72
-2.0434,-3.72
-2.0414,-3.76
-2.0394,-3.72
-2.0374,-3.76
-2.0354,-3.72
-2.0334,-3.72
-2.0314,-3.72
-2.0294,-3.72
-2.0274,-3.72
-2.0254,-3.72
-2.0234,-3.76
-2.0214,-3.76
-2.0194,-3.72
-2.0174,-3.72
-2.0154,-3.72
-2.0134,-3.72
-2.0114,-3.72
-2.0094,-3.68
-2.0074,-3.68
-2.0054,-3.76
-2.0034,-3.72
-2.0014,-3.72
-1.9994,-3.76
-1.9974,-3.72
-1.9954,-3.72
-1.9934,-3.72
-1.9914,-3.72
-1.9894,-3.76
-1.9874,-3.76
-1.9854,-3.76
-1.9834,-3.72
-1.9814,-3.72
-1.9794,-3.72
-1.9774,-3.72
-1.9754,-3.76
-1.9734,-4.24
-1.9714,-3.72
-1.9694,-3.76
-1.9674,-4.48
-1.9654,-3.8
-1.9634,-3.76
-1.9614,-3.76
-1.9594,-3.72
-1.9574,-3.72
-1.9554,-3.72
-1.9534,-3.72
-1.9514,-3.76
-1.9494,-3.76
-1.9474,-3.72
-1.9454,-3.72
-1.9434,-3.72
-1.9414,-3.72
-1.9394,-3.72
-1.9374,-3.72
-1.9354,-3.72
-1.9334,-3.72
-1.9314,-3.76
-1.9294,-3.76
-1.9274,-3.72
-1.9254,-3.72
-1.9234,-4.52
-1.9214,-3.72
-1.9194,-3.72
-1.9174,-4.52
-1.9154,-3.76
-1.9134,-3.72
-1.9114,-3.76
-1.9094,-3.76
-1.9074,-3.72
-1.9054,-3.68
-1.9034,-3.68
-1.9014,-3.72
-1.8994,-3.64
-1.8974,-3.68
-1.8954,-3.72
-1.8934,-3.76
-1.8914,-3.72
-1.8894,-3.72
-1.8874,-3.72
-1.8854,-3.76
-1.8834,-3.72
-1.8814,-3.72
-1.8794,-4.36
-1.8774,-3.76
-1.8754,-3.76
-1.8734,-4.52
-1.8714,-3.76
-1.8694,-3.72
-1.8674,-4.52
-1.8654,-3.68
-1.8634,-3.68
-1.8614,-4.52
-1.8594,-3.68
-1.8574,-3.76
-1.8554,-3.72
-1.8534,-3.72
-1.8514,-3.72
-1.8494,-3.72
-1.8474,-3.72
-1.8454,-3.76
-1.8434,-3.76
-1.8414,-3.72
-1.8394,-3.68
-1.8374,-3.72
-1.8354,-4.36
-1.8334,-3.72
-1.8314,-3.76
-1.8294,-4.52
-1.8274,-3.72
-1.8254,-3.76
-1.8234,-4.52
-1.8214,-3.72
-1.8194,-3.72
-1.8174,-4.52
-1.8154,-3.72
-1.8134,-3.72
-1.8114,-4.52
-1.8094,-3.72
-1.8074,-3.72
-1.8054,-3.72
-1.8034,-3.76
-1.8014,-3.76
-1.7994,-3.76
-1.7974,-3.72
-1.7954,-3.72
-1.7934,-3.72
-1.7914,-4.08
-1.7894,-3.72
-1.7874,-3.76
-1.7854,-4.48
-1.7834,-3.76
-1.7814,-3.72
-1.7794,-4.56
-1.7774,-3.76
-1.7754,-3.72
-1.7734,-4.52
-1.7714,-3.72
-1.7694,-3.72
-1.7674,-4.52
-1.7654,-3.72
-1.7634,-3.72
-1.7614,-4.56
-1.7594,-3.76
-1.7574,-3.76
-1.7554,-4.56
-1.7534,-3.76
-1.7514,-3.76
-1.7494,-3.72
-1.7474,-4.12
-1.7454,-3.72
-1.7434,-3.68
-1.7414,-4.52
-1.7394,-3.72
-1.7374,-3.72
-1.7354,-4.56
-1.7334,-3.72
-1.7314,-3.72
-1.7294,-4.6
-1.7274,-3.72
-1.7254,-3.76
-1.7234,-4.56
-1.7214,-3.76
-1.7194,-3.76
-1.7174,-4.52
-1.7154,-3.8
-1.7134,-3.72
-1.7114,-4.52
-1.7094,-3.76
-1.7074,-3.72
-1.7054,-4.56
-1.7034,-3.76
-1.7014,-3.72
-1.6994,-3.76
-1.6974,-4.48
-1.6954,-3.72
-1.6934,-3.72
-1.6914,-4.56
-1.6894,-3.72
-1.6874,-3.72
-1.6854,-4.52
-1.6834,-3.72
-1.6814,-3.72
-1.6794,-4.48
-1.6774,-3.76
-1.6754,-3.72
-1.6734,-4.52
-1.6714,-3.72
-1.6694,-3.72
-1.6674,-4.52
-1.6654,-3.76
-1.6634,-3.72
-1.6614,-4.52
-1.6594,-3.76
-1.6574,-3.68
-1.6554,-4.52
-1.6534,-4.48
-1.6514,-3.72
-1.6494,-4.56
-1.6474,-4.52
-1.6454,-3.72
-1.6434,-3.72
-1.6414,-4.52
-1.6394,-3.76
-1.6374,-3.72
-1.6354,-4.52
-1.6334,-3.76
-1.6314,-3.72
-1.6294,-4.56
-1.6274,-3.72
-1.6254,-3.68
-1.6234,-4.52
-1.6214,-3.76
-1.6194,-3.76
-1.6174,-4.56
-1.6154,-3.76
-1.6134,-3.76
-1.6114,-4.52
-1.6094,-4.44
-1.6074,-3.76
-1.6054,-4.52
-1.6034,-4.52
-1.6014,-3.68
-1.5994,-4.56
-1.5974,-4.56
-1.5954,-3.72
-1.5934,-3.72
-1.5914,-4.56
-1.5894,-3.68
-1.5874,-3.76
-1.5854,-4.48
-1.5834,-3.76
-1.5814,-3.76
-1.5794,-4.52
-1.5773,-3.72
-1.5753,-3.72
-1.5733,-4.52
-1.5713,-3.8
-1.5693,-3.72
-1.5673,-4.52
-1.5653,-3.76
-1.5633,-3.72
-1.5613,-4.52
-1.5593,-4.52
-1.5573,-3.72
-1.5553,-4.52
-1.5533,-4.52
-1.5513,-3.68
-1.5493,-4.52
-1.5473,-4.56
-1.5453,-3.76
-1.5433,-4.48
-1.5413,-4.56
-1.5393,-3.72
-1.5373,-3.68
-1.5353,-4.52
-1.5333,-3.64
-1.5313,-3.72
-1.5293,-4.52
-1.5273,-3.76
-1.5253,-3.76
-1.5233,-4.56
-1.5213,-3.76
-1.5193,-3.72
-1.5173,-4.48
-1.5153,-4.52
-1.5133,-3.8
-1.5113,-4.48
-1.5093,-4.52
-1.5073,-3.76
-1.5053,-4.52
-1.5033,-4.52
-1.5013,-3.68
-1.4993,-4.6
-1.4973,-4.52
-1.4953,-3.68
-1.4933,-4.52
-1.4913,-4.56
-1.4893,-3.72
-1.4873,-3.68
-1.4853,-4.48
-1.4833,-3.72
-1.4813,-3.76
-1.4793,-4.56
-1.4773,-3.72
-1.4753,-3.72
-1.4733,-4.56
-1.4713,-4.36
-1.4693,-3.72
-1.4673,-4.56
-1.4653,-4.56
-1.4633,-3.76
-1.4613,-4.52
-1.4593,-4.52
-1.4573,-3.72
-1.4553,-4.52
-1.4533,-4.56
-1.4513,-3.72
-1.4493,-4.56
-1.4473,-4.52
-1.4453,-3.72
-1.4433,-4.52
-1.4413,-4.52
-1.4393,-3.72
-1.4373,-4.48
-1.4353,-4.56
-1.4333,-3.72
-1.4313,-3.72
-1.4293,-4.52
-1.4273,-3.88
-1.4253,-3.72
-1.4233,-4.52
-1.4213,-4.52
-1.4193,-3.72
-1.4173,-4.52
-1.4153,-4.52
-1.4133,-3.72
-1.4113,-4.52
-1.4093,-4.56
-1.4073,-3.76
-1.4053,-4.52
-1.4033,-4.56
-1.4013,-3.76
-1.3993,-4.52
-1.3973,-4.52
-1.3953,-3.76
-1.3933,-4.52
-1.3913,-4.52
-1.3893,-3.76
-1.3873,-4.52
-1.3853,-4.56
-1.3833,-3.72
-1.3813,-3.76
-1.3793,-4.52
-1.3773,-4.52
-1.3753,-3.72
-1.3733,-4.56
-1.3713,-4.52
-1.3693,-3.68
-1.3673,-4.52
-1.3653,-4.52
-1.3633,-3.72
-1.3613,-4.52
-1.3593,-4.52
-1.3573,-3.72
-1.3553,-4.48
-1.3533,-4.52
-1.3513,-3.72
-1.3493,-4.52
-1.3473,-4.52
-1.3453,-3.72
-1.3433,-4.48
-1.3413,-4.56
-1.3393,-3.72
-1.3373,-4.52
-1.3353,-4.52
-1.3333,-4.28
-1.3313,-3.68
-1.3293,-4.48
-1.3273,-4.56
-1.3253,-3.72
-1.3233,-4.56
-1.3213,-4.56
-1.3193,-3.72
-1.3173,-4.52
-1.3153,-4.56
-1.3133,-3.8
-1.3113,-4.52
-1.3093,-4.52
-1.3073,-3.76
-1.3053,-4.52
-1.3033,-4.56
-1.3013,-3.72
-1.2993,-4.52
-1.2973,-4.52
-1.2953,-3.76
-1.2933,-4.52
-1.2913,-4.48
-1.2893,-3.72
-1.2873,-4.52
-1.2853,-4.52
-1.2833,-4.52
-1.2813,-3.72
-1.2793,-4.52
-1.2773,-4.52
-1.2753,-3.72
-1.2733,-4.48
-1.2713,-4.52
-1.2693,-3.76
-1.2673,-4.52
-1.2653,-4.52
-1.2633,-3.72
-1.2613,-4.52
-1.2593,-4.56
-1.2573,-3.68
-1.2553,-4.52
-1.2533,-4.56
-1.2513,-3.72
-1.2493,-4.52
-1.2473,-4.48
-1.2453,-3.72
-1.2433,-4.52
-1.2413,-4.48
-1.2393,-4.4
-1.2373,-4.48
-1.2353,-4.48
-1.2333,-4.52
-1.2313,-3.72
-1.2293,-4.56
-1.2273,-4.52
-1.2253,-3.68
-1.2233,-4.52
-1.2213,-4.52
-1.2193,-3.76
-1.2173,-4.56
-1.2153,-4.52
-1.2133,-3.72
-1.2113,-4.52
-1.2093,-4.56
-1.2073,-3.68
-1.2053,-4.52
-1.2033,-4.48
-1.2013,-3.72
-1.1993,-4.44
-1.1973,-4.52
-1.1953,-3.92
-1.1933,-4.52
-1.1913,-4.52
-1.1893,-4.52
-1.1873,-4.52
-1.1853,-4.52
-1.1833,-4.56
-1.1813,-3.76
-1.1793,-4.52
-1.1773,-4.56
-1.1753,-3.72
-1.1733,-4.52
-1.1713,-4.48
-1.1693,-3.68
-1.1673,-4.52
-1.1653,-4.56
-1.1633,-3.72
-1.1613,-4.52
-1.1593,-4.52
-1.1573,-3.72
-1.1553,-4.52
-1.1533,-4.48
-1.1513,-3.72
-1.1493,-4.52
-1.1473,-4.56
-1.1453,-4.32
-1.1433,-4.48
-1.1413,-4.52
-1.1393,-4.56
-1.1373,-4.52
-1.1353,-4.52
-1.1333,-4.52
-1.1313,-3.72
-1.1293,-4.52
-1.1273,-4.56
-1.1253,-3.72
-1.1233,-4.56
-1.1213,-4.52
-1.1193,-3.72
-1.1173,-4.52
-1.1153,-4.52
-1.1133,-3.72
-1.1113,-4.52
-1.1093,-4.52
-1.1073,-3.72
-1.1053,-4.52
-1.1033,-4.48
-1.1013,-3.72
-1.0993,-4.52
-1.0973,-4.56
-1.0953,-4.56
-1.0933,-4.52
-1.0913,-4.52
-1.0893,-4.52
-1.0873,-4.48
-1.0853,-4.52
-1.0833,-4.52
-1.0813,-3.76
-1.0793,-4.52
-1.0773,-4.52
-1.0753,-3.72
-1.0733,-4.52
-1.0713,-4.56
-1.0693,-3.76
-1.0673,-4.52
-1.0653,-4.52
-1.0633,-3.72
-1.0613,-4.52
-1.0593,-4.52
-1.0573,-3.72
-1.0553,-4.52
-1.0533,-4.52
-1.0512,-3.76
-1.0492,-4.52
-1.0472,-4.6
-1.0452,-4.52
-1.0432,-4.52
-1.0412,-4.48
-1.0392,-4.52
-1.0372,-4.52
-1.0352,-4.52
-1.0332,-4.56
-1.0312,-3.72
-1.0292,-4.52
-1.0272,-4.56
-1.0252,-3.72
-1.0232,-4.52
-1.0212,-4.52
-1.0192,-3.72
-1.0172,-4.52
-1.0152,-4.52
-1.0132,-3.72
-1.0112,-4.56
-1.0092,-4.56
-1.0072,-3.76
-1.0052,-4.52
-1.0032,-4.52
-1.0012,-3.68
-0.9992,-4.52
-0.9972,-4.52
-0.9952,-4.56
-0.9932,-4.56
-0.9912,-4.52
-0.9892,-4.56
-0.9872,-4.52
-0.9852,-4.52
-0.9832,-4.56
-0.9812,-3.72
-0.9792,-4.56
-0.9772,-4.52
-0.9752,-3.72
-0.9732,-4.52
-0.9712,-4.52
-0.9692,-3.76
-0.9672,-4.48
-0.9652,-4.52
-0.9632,-3.72
-0.9612,-4.52
-0.9592,-4.56
-0.9572,-3.76
-0.9552,-4.52
-0.9532,-4.52
-0.9512,-4.08
-0.9492,-4.56
-0.9472,-4.52
-0.9452,-4.6
-0.9432,-4.52
-0.9412,-4.52
-0.9392,-4.56
-0.9372,-4.6
-0.9352,-4.52
-0.9332,-4.52
-0.9312,-3.72
-0.9292,-4.48
-0.9272,-4.56
-0.9252,-3.76
-0.9232,-4.48
-0.9212,-4.52
-0.9192,-3.76
-0.9172,-4.48
-0.9152,-4.48
-0.9132,-3.72
-0.9112,-4.56
-0.9092,-4.52
-0.9072,-3.72
-0.9052,-4.52
-0.9032,-4.52
-0.9012,-4.32
-0.8992,-4.52
-0.8972,-4.52
-0.8952,-4.56
-0.8932,-4.48
-0.8912,-4.56
-0.8892,-4.48
-0.8872,-3.8
-0.8852,-4.56
-0.8832,-4.56
-0.8812,-3.72
-0.8792,-4.52
-0.8772,-4.52
-0.8752,-3.76
-0.8732,-4.52
-0.8712,-4.6
-0.8692,-3.72
-0.8672,-4.52
-0.8652,-4.52
-0.8632,-3.72
-0.8612,-4.52
-0.8592,-4.52
-0.8572,-3.64
-0.8552,-4.52
-0.8532,-4.52
-0.8512,-4.48
-0.8492,-4.52
-0.8472,-4.52
-0.8452,-4.56
-0.8432,-4.56
-0.8412,-4.52
-0.8392,-4.52
-0.8372,-3.76
-0.8352,-4.48
-0.8332,-4.52
-0.8312,-3.72
-0.8292,-4.52
-0.8272,-4.56
-0.8252,-3.76
-0.8232,-4.52
-0.8212,-4.52
-0.8192,-3.8
-0.8172,-4.6
-0.8152,-4.52
-0.8132,-3.68
-0.8112,-4.48
-0.8092,-4.56
-0.8072,-3.72
-0.8052,-4.56
-0.8032,-4.56
-0.8012,-4.52
-0.7992,-4.52
-0.7972,-4.52
-0.7952,-4.56
-0.7932,-4.52
-0.7912,-4.52
-0.7892,-4.52
-0.7872,-3.76
-0.7852,-4.52
-0.7832,-4.56
-0.7812,-3.76
-0.7792,-4.52
-0.7772,-4.56
-0.7752,-3.8
-0.7732,-4.48
-0.7712,-4.52
-0.7692,-3.72
-0.7672,-4.56
-0.7652,-4.52
-0.7632,-3.76
-0.7612,-4.52
-0.7592,-4.56
-0.7572,-3.72
-0.7552,-4.52
-0.7532,-4.52
-0.7512,-4.56
-0.7492,-4.52
-0.7472,-4.52
-0.7452,-4.52
-0.7432,-3.72
-0.7412,-4.56
-0.7392,-4.52
-0.7372,-3.76
-0.7352,-4.56
-0.7332,-4.56
-0.7312,-3.72
-0.7292,-4.52
-0.7272,-4.52
-0.7252,-3.76
-0.7232,-4.56
-0.7212,-4.56
-0.7192,-3.76
-0.7172,-4.52
-0.7152,-4.52
-0.7132,-3.76
-0.7112,-4.56
-0.7092,-4.56
-0.7072,-3.72
-0.7052,-4.56
-0.7032,-4.52
-0.7012,-4.52
-0.6992,-4.48
-0.6972,-4.52
-0.6952,-4.52
-0.6932,-3.72
-0.6912,-4.52
-0.6892,-4.52
-0.6872,-3.76
-0.6852,-4.48
-0.6832,-4.52
-0.6812,-3.72
-0.6792,-4.52
-0.6772,-4.52
-0.6752,-3.68
-0.6732,-4.52
-0.6712,-4.56
-0.6692,-3.72
-0.6672,-4.48
-0.6652,-4.52
-0.6632,-3.72
-0.6612,-4.56
-0.6592,-4.48
-0.6572,-3.72
-0.6552,-4.56
-0.6532,-4.52
-0.6512,-4.44
-0.6492,-3.72
-0.6472,-4.52
-0.6452,-4.56
-0.6432,-3.76
-0.6412,-4.52
-0.6392,-4.56
-0.6372,-3.72
-0.6352,-4.6
-0.6332,-4.56
-0.6312,-3.72
-0.6292,-4.52
-0.6272,-4.56
-0.6252,-3.72
-0.6232,-4.56
-0.6212,-4.52
-0.6192,-3.72
-0.6172,-4.56
-0.6152,-4.52
-0.6132,-3.76
-0.6112,-4.52
-0.6092,-4.52
-0.6072,-3.72
-0.6052,-4.52
-0.6032,-4.52
-0.6012,-4.24
-0.5992,-3.72
-0.5972,-4.56
-0.5952,-4.56
-0.5932,-3.8
-0.5912,-4.52
-0.5892,-4.52
-0.5872,-3.72
-0.5852,-4.52
-0.5832,-4.56
-0.5812,-3.76
-0.5792,-4.52
-0.5772,-4.52
-0.5752,-3.76
-0.5732,-4.56
-0.5712,-4.52
-0.5692,-3.76
-0.5672,-4.44
-0.5652,-4.48
-0.5632,-3.72
-0.5612,-4.52
-0.5592,-4.52
-0.5572,-3.72
-0.5552,-3.72
-0.5532,-4.52
-0.5512,-4.04
-0.5492,-3.72
-0.5472,-4.56
-0.5452,-4.56
-0.5432,-3.72
-0.5412,-4.52
-0.5392,-4.52
-0.5372,-3.72
-0.5352,-4.52
-0.5332,-4.52
-0.5312,-3.72
-0.5292,-4.52
-0.5272,-4.52
-0.5251,-3.72
-0.5231,-4.52
-0.5211,-4.52
-0.5191,-3.72
-0.5171,-4.52
-0.5151,-4.48
-0.5131,-3.72
-0.5111,-4.52
-0.5091,-4.52
-0.5071,-3.72
-0.5051,-3.72
-0.5031,-4.56
-0.5011,-3.72
-0.4991,-3.76
-0.4971,-4.52
-0.4951,-4.52
-0.4931,-3.72
-0.4911,-4.52
-0.4891,-4.52
-0.4871,-3.76
-0.4851,-4.52
-0.4831,-4.48
-0.4811,-3.72
-0.4791,-4.52
-0.4771,-4.52
-0.4751,-3.72
-0.4731,-4.52
-0.4711,-4.56
-0.4691,-3.68
-0.4671,-4.44
-0.4651,-4.52
-0.4631,-3.76
-0.4611,-3.76
-0.4591,-4.52
-0.4571,-3.72
-0.4551,-3.68
-0.4531,-4.52
-0.4511,-3.72
-0.4491,-3.72
-0.4471,-4.52
-0.4451,-4.24
-0.4431,-3.72
-0.4411,-4.52
-0.4391,-4.6
-0.4371,-3.72
-0.4351,-4.52
-0.4331,-4.52
-0.4311,-3.72
-0.4291,-4.44
-0.4271,-4.56
-0.4251,-3.68
-0.4231,-4.52
-0.4211,-4.56
-0.4191,-3.72
-0.4171,-3.72
-0.4151,-4.52
-0.4131,-3.76
-0.4111,-3.68
-0.4091,-4.52
-0.4071,-3.72
-0.4051,-3.76
-0.4031,-4.56
-0.4011,-3.72
-0.3991,-3.76
-0.3971,-4.52
-0.3951,-3.96
-0.3931,-3.72
-0.3911,-4.52
-0.3891,-4.56
-0.3871,-3.64
-0.3851,-4.52
-0.3831,-4.52
-0.3811,-3.76
-0.3791,-4.52
-0.3771,-4.52
-0.3751,-3.68
-0.3731,-3.8
-0.3711,-4.52
-0.3691,-3.72
-0.3671,-3.76
-0.3651,-4.52
-0.3631,-3.72
-0.3611,-3.72
-0.3591,-4.6
-0.3571,-3.68
-0.3551,-3.72
-0.3531,-4.56
-0.3511,-3.72
-0.3491,-3.72
-0.3471,-4.56
-0.3451,-3.72
-0.3431,-3.72
-0.3411,-4.56
-0.3391,-4.48
-0.3371,-3.68
-0.3351,-4.56
-0.3331,-4.52
-0.3311,-3.72
-0.3291,-4.56
-0.3271,-4.52
-0.3251,-3.72
-0.3231,-3.76
-0.3211,-4.52
-0.3191,-3.72
-0.3171,-3.72
-0.3151,-4.52
-0.3131,-3.72
-0.3111,-3.72
-0.3091,-4.52
-0.3071,-3.72
-0.3051,-3.76
-0.3031,-4.6
-0.3011,-3.72
-0.2991,-3.72
-0.2971,-4.56
-0.2951,-3.76
-0.2931,-3.72
-0.2911,-4.56
-0.2891,-4
-0.2871,-3.72
-0.2851,-4.56
-0.2831,-4.52
-0.2811,-3.72
-0.2791,-3.76
-0.2771,-4.52
-0.2751,-3.72
-0.2731,-3.72
-0.2711,-4.48
-0.2691,-3.72
-0.2671,-3.72
-0.2651,-4.52
-0.2631,-3.76
-0.2611,-3.72
-0.2591,-4.52
-0.2571,-3.76
-0.2551,-3.72
-0.2531,-4.52
-0.2511,-3.8
-0.2491,-3.76
-0.2471,-4.52
-0.2451,-3.72
-0.2431,-3.72
-0.2411,-4.52
-0.2391,-3.72
-0.2371,-3.72
-0.2351,-3.72
-0.2331,-4.56
-0.2311,-3.76
-0.2291,-3.72
-0.2271,-4.56
-0.2251,-3.72
-0.2231,-3.72
-0.2211,-4.52
-0.2191,-3.76
-0.2171,-3.76
-0.2151,-4.52
-0.2131,-3.72
-0.2111,-3.72
-0.2091,-4.56
-0.2071,-3.72
-0.2051,-3.72
-0.2031,-4.52
-0.2011,-3.76
-0.1991,-3.72
-0.1971,-4.52
-0.1951,-3.76
-0.1931,-3.72
-0.1911,-3.76
-0.1891,-3.72
-0.1871,-3.72
-0.1851,-3.68
-0.1831,-4.32
-0.1811,-3.76
-0.1791,-3.72
-0.1771,-4.52
-0.1751,-3.76
-0.1731,-3.72
-0.1711,-4.6
-0.1691,-3.8
-0.1671,-3.72
-0.1651,-4.52
-0.1631,-3.72
-0.1611,-3.72
-0.1591,-4.56
-0.1571,-3.72
-0.1551,-3.72
-0.1531,-4.52
-0.1511,-3.76
-0.1491,-3.72
-0.1471,-3.68
-0.1451,-3.72
-0.1431,-3.76
-0.1411,-3.72
-0.1391,-3.72
-0.1371,-3.68
-0.1351,-3.72
-0.1331,-4.08
-0.1311,-3.72
-0.1291,-3.72
-0.1271,-4.52
-0.1251,-3.72
-0.1231,-3.72
-0.1211,-4.48
-0.1191,-3.72
-0.1171,-3.72
-0.1151,-4.52
-0.1131,-3.76
-0.1111,-3.76
-0.1091,-4.56
-0.1071,-3.76
-0.1051,-3.72
-0.1031,-3.76
-0.1011,-3.72
-0.0991,-3.72
-0.0971,-3.76
-0.0951,-3.72
-0.0931,-3.76
-0.0911,-3.72
-0.0891,-3.72
-0.0871,-3.72
-0.0851,-3.72
-0.0831,-3.76
-0.0811,-3.72
-0.0791,-3.72
-0.0771,-4.28
-0.0751,-3.76
-0.0731,-3.72
-0.0711,-4.52
-0.0691,-3.76
-0.0671,-3.72
-0.0651,-4.52
-0.0631,-3.8
-0.0611,-3.72
-0.0591,-4.24
-0.0571,-3.76
-0.0551,-3.76
-0.0531,-3.72
-0.0511,-3.72
-0.0491,-3.72
-0.0471,-3.72
-0.0451,-3.72
-0.0431,-3.72
-0.0411,-3.76
-0.0391,-3.72
-0.0371,-3.72
-0.0351,-3.72
-0.0331,-3.72
-0.0311,-3.72
-0.0291,-3.76
-0.0271,-4
-0.0251,-3.76
-0.0231,-3.72
-0.0211,-4.56
-0.0191,-3.68
-0.0171,-3.76
-0.0151,-4.52
-0.0131,-3.72
-0.0111,-3.72
-0.0091,-3.76
-0.0071,-3.72
-0.0051,-3.72
-0.0031,-3.72
-0.0011,-3.76
0.001,-3.68
0.003,-3.76
0.005,-3.76
0.007,-3.72
0.009,-3.76
0.011,-3.76
0.013,-3.72
0.015,-3.72
0.017,-3.72
0.019,-3.72
0.021,-3.72
0.023,-3.76
0.025,-3.72
0.027,-3.72
0.029,-4.44
0.031,-3.72
0.033,-3.72
0.035,-3.72
0.037,-3.76
0.039,-3.8
0.041,-3.76
0.043,-3.72
0.045,-3.72
0.047,-3.72
0.049,-3.76
0.051,-3.72
0.053,-3.68
0.055,-3.72
0.057,-3.72
0.059,-3.76
0.061,-3.76
0.063,-3.68
0.065,-3.72
0.067,-3.72
0.069,-3.72
0.071,-3.72
0.073,-3.72
0.075,-3.72
0.077,-3.76
0.079,-2.92
0.081,-3.72
0.083,-3.72
0.085,-3.8
0.087,-3.72
0.089,-3.76
0.091,-3.72
0.093,-3.72
0.095,-3.72
0.097,-3.72
0.099,-3.76
0.101,-3.72
0.103,-3.72
0.105,-3.76
0.107,-3.72
0.109,-3.72
0.111,-3.76
0.113,-3.72
0.115,-3.72
0.117,-3.72
0.119,-3.72
0.121,-3.72
0.123,-3.24
0.125,-3.72
0.127,-3.72
0.129,-2.88
0.131,-3.8
0.133,-3.76
0.135,-3.76
0.137,-3.72
0.139,-3.76
0.141,-3.76
0.143,-3.72
0.145,-3.8
0.147,-3.72
0.149,-3.76
0.151,-3.72
0.153,-3.72
0.155,-3.76
0.157,-3.72
0.159,-3.68
0.161,-3.72
0.163,-3.8
0.165,-3.72
0.167,-3.56
0.169,-3.76
0.171,-3.76
0.173,-2.96
0.175,-3.72
0.177,-3.76
0.179,-2.92
0.181,-3.76
0.183,-3.72
0.185,-2.88
0.187,-3.76
0.189,-3.72
0.191,-3.72
0.193,-3.72
0.195,-3.72
0.197,-3.72
0.199,-3.76
0.201,-3.76
0.203,-3.76
0.205,-3.72
0.207,-3.76
0.209,-3.76
0.211,-3.52
0.213,-3.76
0.215,-3.72
0.217,-2.92
0.219,-3.76
0.221,-3.72
0.223,-2.92
0.225,-3.72
0.227,-3.76
0.229,-2.88
0.231,-3.72
0.233,-3.76
0.235,-2.88
0.237,-3.72
0.239,-3.76
0.241,-3.72
0.243,-3.72
0.245,-3.72
0.247,-3.76
0.249,-3.72
0.251,-3.72
0.253,-3.72
0.255,-3.72
0.257,-3.72
0.259,-3.68
0.261,-3.04
0.263,-3.76
0.265,-3.72
0.267,-2.92
0.269,-3.76
0.271,-3.72
0.273,-2.92
0.275,-3.72
0.277,-3.72
0.279,-2.92
0.281,-3.76
0.283,-3.72
0.285,-2.96
0.287,-3.72
0.289,-3.76
0.291,-2.92
0.293,-3.72
0.295,-3.72
0.297,-3.72
0.299,-3.72
0.301,-3.72
0.303,-3.72
0.305,-3.2
0.307,-3.76
0.309,-3.64
0.311,-2.96
0.313,-3.72
0.315,-3.76
0.317,-2.96
0.319,-3.72
0.321,-3.72
0.323,-2.96
0.325,-3.72
0.327,-3.72
0.329,-2.92
0.331,-3.72
0.333,-3.72
0.335,-2.96
0.337,-3.76
0.339,-3.72
0.341,-2.92
0.343,-3.72
0.345,-3.72
0.347,-3.72
0.349,-3.32
0.351,-3.72
0.353,-3.72
0.355,-2.92
0.357,-3.76
0.359,-3.72
0.361,-2.88
0.363,-3.68
0.365,-3.76
0.367,-2.92
0.369,-3.72
0.371,-3.72
0.373,-2.92
0.375,-3.72
0.377,-3.76
0.379,-2.92
0.381,-3.76
0.383,-3.72
0.385,-2.92
0.387,-3.72
0.389,-3.76
0.391,-2.92
0.393,-3.72
0.395,-3.72
0.397,-2.92
0.399,-2.92
0.401,-3.72
0.403,-3.72
0.405,-2.92
0.407,-3.72
0.409,-3.72
0.411,-2.96
0.413,-3.76
0.415,-3.72
0.417,-2.92
0.419,-3.72
0.421,-3.68
0.423,-2.88
0.425,-3.8
0.427,-3.72
0.429,-2.92
0.431,-3.68
0.433,-3.72
0.435,-2.96
0.437,-3.68
0.439,-3.72
0.441,-2.92
0.443,-2.92
0.445,-3.72
0.447,-2.92
0.449,-2.92
0.451,-3.72
0.453,-3.68
0.455,-2.96
0.457,-3.72
0.459,-3.72
0.461,-2.92
0.463,-3.72
0.465,-3.76
0.467,-2.92
0.469,-3.72
0.471,-3.72
0.473,-2.92
0.475,-3.72
0.477,-3.72
0.479,-2.92
0.481,-3.68
0.483,-3.72
0.485,-2.96
0.487,-2.96
0.489,-3.72
0.491,-2.92
0.493,-2.92
0.495,-3.72
0.497,-2.92
0.499,-2.88
0.501,-3.72
0.503,-3.28
0.505,-2.92
0.507,-3.76
0.509,-3.72
0.511,-2.92
0.513,-3.72
0.515,-3.76
0.517,-2.96
0.519,-3.72
0.521,-3.8
0.523,-2.92
0.525,-3.72
0.5271,-3.72
0.5291,-2.96
0.5311,-3.76
0.5331,-3.76
0.5351,-2.88
0.5371,-2.92
0.5391,-3.72
0.5411,-2.96
0.5431,-2.88
0.5451,-3.72
0.5471,-2.92
0.5491,-2.92
0.5511,-3.72
0.5531,-2.96
0.5551,-2.96
0.5571,-3.72
0.5591,-3.72
0.5611,-2.92
0.5631,-3.76
0.5651,-3.72
0.5671,-2.96
0.5691,-3.76
0.5711,-3.72
0.5731,-2.96
0.5751,-3.72
0.5771,-3.72
0.5791,-2.88
0.5811,-2.88
0.5831,-3.76
0.5851,-2.96
0.5871,-2.92
0.5891,-3.72
0.5911,-2.88
0.5931,-2.96
0.5951,-3.72
0.5971,-2.92
0.5991,-2.92
0.6011,-3.8
0.6031,-2.96
0.6051,-2.92
0.6071,-3.68
0.6091,-3
0.6111,-2.92
0.6131,-3.76
0.6151,-3.72
0.6171,-2.92
0.6191,-3.76
0.6211,-3.76
0.6231,-2.88
0.6251,-3.04
0.6271,-3.72
0.6291,-2.92
0.6311,-2.88
0.6331,-3.72
0.6351,-2.92
0.6371,-2.92
0.6391,-3.76
0.6411,-2.92
0.6431,-2.88
0.6451,-3.76
0.6471,-2.92
0.6491,-2.88
0.6511,-3.72
0.6531,-2.92
0.6551,-2.92
0.6571,-3.72
0.6591,-2.88
0.6611,-2.96
0.6631,-3.76
0.6651,-3.72
0.6671,-2.92
0.6691,-3.56
0.6711,-3.72
0.6731,-2.92
0.6751,-2.88
0.6771,-3.72
0.6791,-2.96
0.6811,-2.92
0.6831,-3.72
0.6851,-2.92
0.6871,-2.92
0.6891,-3.68
0.6911,-2.92
0.6931,-2.92
0.6951,-3.72
0.6971,-2.92
0.6991,-2.92
0.7011,-3.72
0.7031,-2.96
0.7051,-2.92
0.7071,-3.76
0.7091,-2.92
0.7111,-2.96
0.7131,-3.76
0.7151,-3.72
0.7171,-2.96
0.7191,-2.96
0.7211,-3.72
0.7231,-2.92
0.7251,-2.96
0.7271,-3.76
0.7291,-2.96
0.7311,-2.96
0.7331,-3.72
0.7351,-2.96
0.7371,-2.88
0.7391,-3.76
0.7411,-2.92
0.7431,-2.96
0.7451,-3.72
0.7471,-2.92
0.7491,-2.96
0.7511,-3.76
0.7531,-2.92
0.7551,-2.88
0.7571,-3.72
0.7591,-2.88
0.7611,-2.88
0.7631,-3.08
0.7651,-3.68
0.7671,-2.92
0.7691,-2.88
0.7711,-3.76
0.7731,-2.96
0.7751,-2.92
0.7771,-3.72
0.7791,-2.92
0.7811,-2.96
0.7831,-3.72
0.7851,-2.92
0.7871,-2.96
0.7891,-3.72
0.7911,-2.92
0.7931,-2.96
0.7951,-3.68
0.7971,-2.92
0.7991,-3
0.8011,-3.72
0.8031,-2.88
0.8051,-2.92
0.8071,-3.72
0.8091,-2.92
0.8111,-2.88
0.8131,-2.92
0.8151,-3.76
0.8171,-2.88
0.8191,-2.96
0.8211,-3.76
0.8231,-2.92
0.8251,-2.92
0.8271,-3.68
0.8291,-2.92
0.8311,-2.92
0.8331,-3.72
0.8351,-2.92
0.8371,-2.92
0.8391,-3.72
0.8411,-2.92
0.8431,-2.96
0.8451,-3.72
0.8471,-2.88
0.8491,-2.96
0.8511,-3.72
0.8531,-2.88
0.8551,-2.92
0.8571,-3.08
0.8591,-2.96
0.8611,-2.92
0.8631,-2.92
0.8651,-3.72
0.8671,-2.92
0.8691,-2.88
0.8711,-3.72
0.8731,-2.92
0.8751,-2.88
0.8771,-3.72
0.8791,-2.92
0.8811,-2.92
0.8831,-3.72
0.8851,-2.92
0.8871,-2.92
0.8891,-3.72
0.8911,-2.92
0.8931,-2.92
0.8951,-3.72
0.8971,-2.88
0.8991,-2.92
0.9011,-3.72
0.9031,-2.88
0.9051,-2.92
0.9071,-2.92
0.9091,-2.92
0.9111,-2.92
0.9131,-2.92
0.9151,-3.72
0.9171,-2.96
0.9191,-2.92
0.9211,-3.72
0.9231,-2.88
0.9251,-2.88
0.9271,-3.76
0.9291,-2.92
0.9311,-2.96
0.9331,-3.72
0.9351,-2.92
0.9371,-2.88
0.9391,-3.72
0.9411,-2.96
0.9431,-2.92
0.9451,-3.72
0.9471,-2.92
0.9491,-2.88
0.9511,-3.24
0.9531,-2.96
0.9551,-2.88
0.9571,-2.92
0.9591,-2.92
0.9611,-2.88
0.9631,-2.92
0.9651,-3.76
0.9671,-2.92
0.9691,-2.96
0.9711,-3.72
0.9731,-2.88
0.9751,-2.92
0.9771,-3.68
0.9791,-2.88
0.9811,-2.92
0.9831,-3.72
0.9851,-2.92
0.9871,-2.92
0.9891,-3.72
0.9911,-2.92
0.9931,-2.96
0.9951,-3.76
0.9971,-2.92
0.9991,-2.88
1.0011,-2.92
1.0031,-2.92
1.0051,-2.92
1.0071,-2.92
1.0091,-2.92
1.0111,-2.92
1.0131,-2.88
1.0151,-3.72
1.0171,-2.92
1.0191,-2.92
1.0211,-3.72
1.0231,-2.88
1.0251,-2.92
1.0271,-3.76
1.0291,-2.88
1.0311,-2.88
1.0331,-3.68
1.0351,-2.96
1.0371,-2.88
1.0391,-3.72
1.0411,-2.92
1.0431,-2.88
1.0451,-3.72
1.0471,-2.92
1.0491,-2.92
1.0511,-2.88
1.0532,-2.96
1.0552,-2.92
1.0572,-2.92
1.0592,-2.92
1.0612,-2.96
1.0632,-2.92
1.0652,-3.72
1.0672,-2.88
1.0692,-2.92
1.0712,-3.72
1.0732,-2.92
1.0752,-2.96
1.0772,-3.72
1.0792,-2.96
1.0812,-2.92
1.0832,-3.72
1.0852,-2.92
1.0872,-2.92
1.0892,-3.76
1.0912,-2.92
1.0932,-2.88
1.0952,-3.76
1.0972,-2.92
1.0992,-2.88
1.1012,-2.96
1.1032,-2.92
1.1052,-2.92
1.1072,-2.96
1.1092,-2.96
1.1112,-2.96
1.1132,-2.92
1.1152,-3.72
1.1172,-2.96
1.1192,-2.92
1.1212,-3.72
1.1232,-2.96
1.1252,-2.92
1.1272,-3.72
1.1292,-2.96
1.1312,-2.88
1.1332,-3.72
1.1352,-2.96
1.1372,-2.96
1.1392,-3.76
1.1412,-2.96
1.1432,-2.92
1.1452,-3.6
1.1472,-2.92
1.1492,-2.92
1.1512,-2.92
1.1532,-2.92
1.1552,-2.96
1.1572,-2.88
1.1592,-2.88
1.1612,-2.92
1.1632,-2.92
1.1652,-3.72
1.1672,-2.92
1.1692,-2.96
1.1712,-3.72
1.1732,-2.96
1.1752,-2.92
1.1772,-3.72
1.1792,-2.96
1.1812,-2.96
1.1832,-3.72
1.1852,-2.92
1.1872,-2.92
1.1892,-3.76
1.1912,-2.96
1.1932,-2.88
1.1952,-3.32
1.1972,-2.92
1.1992,-2.88
1.2012,-2.88
1.2032,-2.92
1.2052,-2.92
1.2072,-2.92
1.2092,-3.2
1.2112,-2.84
1.2132,-2.92
1.2152,-3.68
1.2172,-2.92
1.2192,-2.88
1.2212,-3.72
1.2232,-2.92
1.2252,-2.92
1.2272,-3.72
1.2292,-2.88
1.2312,-2.92
1.2332,-3.76
1.2352,-2.96
1.2372,-2.92
1.2392,-3.68
1.2412,-2.92
1.2432,-2.88
1.2452,-3.12
1.2472,-3
1.2492,-2.92
1.2512,-2.96
1.2532,-2.92
1.2552,-2.92
1.2572,-2.92
1.2592,-3.72
1.2612,-2.96
1.2632,-2.96
1.2652,-3.72
1.2672,-2.96
1.2692,-2.92
1.2712,-3.72
1.2732,-2.92
1.2752,-2.92
1.2772,-3.72
1.2792,-2.92
1.2812,-2.88
1.2832,-3.76
1.2852,-2.88
1.2872,-2.96
1.2892,-3.76
1.2912,-2.92
1.2932,-2.88
1.2952,-3.04
1.2972,-2.88
1.2992,-2.92
1.3012,-2.92
1.3032,-2.96
1.3052,-2.88
1.3072,-2.92
1.3092,-3.76
1.3112,-2.92
1.3132,-2.96
1.3152,-3.72
1.3172,-2.92
1.3192,-2.88
1.3212,-3.72
1.3232,-2.88
1.3252,-2.88
1.3272,-3.76
1.3292,-2.84
1.3312,-2.92
1.3332,-3.76
1.3352,-2.92
1.3372,-2.92
1.3392,-3.72
1.3412,-2.84
1.3432,-2.96
1.3452,-3
1.3472,-2.88
1.3492,-2.96
1.3512,-2.92
1.3532,-3.8
1.3552,-2.88
1.3572,-2.92
1.3592,-3.8
1.3612,-2.92
1.3632,-2.88
1.3652,-3.72
1.3672,-2.88
1.3692,-2.96
1.3712,-3.8
1.3732,-2.92
1.3752,-2.96
1.3772,-3.72
1.3792,-2.92
1.3812,-2.88
1.3832,-3.76
1.3852,-2.88
1.3872,-2.96
1.3892,-3.72
1.3912,-2.92
1.3932,-2.96
1.3952,-3.08
1.3972,-2.92
1.3992,-2.88
1.4012,-2.92
1.4032,-3.72
1.4052,-2.88
1.4072,-2.92
1.4092,-3.72
1.4112,-2.92
1.4132,-2.92
1.4152,-3.72
1.4172,-2.88
1.4192,-2.96
1.4212,-3.76
1.4232,-2.88
1.4252,-2.88
1.4272,-3.72
1.4292,-2.88
1.4312,-2.88
1.4332,-3.72
1.4352,-2.96
1.4372,-2.92
1.4392,-3.72
1.4412,-2.88
1.4432,-2.92
1.4452,-3.24
1.4472,-3.72
1.4492,-2.88
1.4512,-2.92
1.4532,-3.68
1.4552,-2.92
1.4572,-2.92
1.4592,-3.76
1.4612,-2.92
1.4632,-2.96
1.4652,-3.72
1.4672,-2.92
1.4692,-2.92
1.4712,-3.72
1.4732,-2.96
1.4752,-2.88
1.4772,-3.72
1.4792,-2.92
1.4812,-2.92
1.4832,-3.76
1.4852,-2.96
1.4872,-2.92
1.4892,-3.76
1.4912,-2.96
1.4932,-2.92
1.4952,-3.48
1.4972,-3.76
1.4992,-2.92
1.5012,-2.92
1.5032,-3.72
1.5052,-2.92
1.5072,-2.96
1.5092,-3.76
1.5112,-2.96
1.5132,-2.92
1.5152,-3.72
1.5172,-2.96
1.5192,-2.92
1.5212,-3.72
1.5232,-2.92
1.5252,-2.96
1.5272,-3.68
1.5292,-2.96
1.5312,-2.96
1.5332,-3.72
1.5352,-2.92
1.5372,-2.92
1.5392,-3.76
1.5412,-3.72
1.5432,-2.92
1.5452,-3.72
1.5472,-3.72
1.5492,-2.96
1.5512,-2.92
1.5532,-3.68
1.5552,-2.92
1.5572,-2.92
1.5592,-3.72
1.5612,-2.88
1.5632,-2.92
1.5652,-3.72
1.5672,-2.88
1.5692,-2.96
1.5712,-3.68
1.5732,-2.92
1.5752,-2.92
1.5772,-3.72
1.5793,-2.88
1.5813,-2.96
1.5833,-3.72
1.5853,-3
1.5873,-2.92
1.5893,-3.72
1.5913,-3.72
1.5933,-2.96
1.5953,-3.76
1.5973,-3.72
1.5993,-2.92
1.6013,-3.2
1.6033,-3.72
1.6053,-2.96
1.6073,-2.96
1.6093,-3.72
1.6113,-2.88
1.6133,-2.92
1.6153,-3.72
1.6173,-2.96
1.6193,-2.92
1.6213,-3.72
1.6233,-2.88
1.6253,-2.92
1.6273,-3.76
1.6293,-2.92
1.6313,-2.92
1.6333,-3.72
1.6353,-3.72
1.6373,-2.96
1.6393,-3.76
1.6413,-3.76
1.6433,-2.92
1.6453,-3.72
1.6473,-3.76
1.6493,-2.92
1.6513,-3.4
1.6533,-3.72
1.6553,-3
1.6573,-2.96
1.6593,-3.76
1.6613,-2.92
1.6633,-2.92
1.6653,-3.72
1.6673,-2.96
1.6693,-2.96
1.6713,-3.72
1.6733,-2.92
1.6753,-2.92
1.6773,-3.76
1.6793,-3.72
1.6813,-2.92
1.6833,-3.72
1.6853,-3.72
1.6873,-2.92
1.6893,-3.72
1.6913,-3.72
1.6933,-2.92
1.6953,-3.76
1.6973,-3.72
1.6993,-2.92
1.7013,-3.68
1.7033,-3.72
1.7053,-2.96
1.7073,-2.92
1.7093,-3.76
1.7113,-3
1.7133,-2.92
1.7153,-3.76
1.7173,-2.88
1.7193,-2.88
1.7213,-3.72
1.7233,-3.76
1.7253,-2.92
1.7273,-3.76
1.7293,-3.72
1.7313,-2.96
1.7333,-3.72
1.7353,-3.76
1.7373,-2.92
1.7393,-3.72
1.7413,-3.72
1.7433,-2.92
1.7453,-3.68
1.7473,-3.76
1.7493,-2.96
1.7513,-3.68
1.7533,-3.68
1.7553,-2.88
1.7573,-3.24
1.7593,-3.8
1.7613,-2.92
1.7633,-3
1.7653,-3.72
1.7673,-2.92
1.7693,-2.96
1.7713,-3.72
1.7733,-3.72
1.7753,-2.88
1.7773,-3.72
1.7793,-3.72
1.7813,-2.88
1.7833,-3.72
1.7853,-3.76
1.7873,-2.92
1.7893,-3.72
1.7913,-3.72
1.7933,-2.88
1.7953,-3.76
1.7973,-3.72
1.7993,-2.88
1.8013,-3.72
1.8033,-3.72
1.8053,-2.92
1.8073,-3.64
1.8093,-3.76
1.8113,-2.92
1.8133,-2.92
1.8153,-3.76
1.8173,-3.76
1.8193,-2.92
1.8213,-3.76
1.8233,-3.72
1.8253,-2.88
1.8273,-3.68
1.8293,-3.72
1.8313,-2.92
1.8333,-3.68
1.8353,-3.72
1.8373,-2.92
1.8393,-3.72
1.8413,-3.72
1.8433,-2.92
1.8453,-3.76
1.8473,-3.72
1.8493,-2.96
1.8513,-3.72
1.8533,-3.68
1.8553,-2.88
1.8573,-3.76
1.8593,-3.72
1.8613,-3.76
1.8633,-3.08
1.8653,-3.72
1.8673,-3.72
1.8693,-2.92
1.8713,-3.72
1.8733,-3.76
1.8753,-2.92
1.8773,-3.76
1.8793,-3.72
1.8813,-2.92
1.8833,-3.72
1.8853,-3.72
1.8873,-2.88
1.8893,-3.72
1.8913,-3.72
1.8933,-2.96
1.8953,-3.72
1.8973,-3.68
1.8993,-2.92
1.9013,-3.72
1.9033,-3.76
1.9053,-3.72
1.9073,-3.72
1.9093,-3.72
1.9113,-3.72
1.9133,-3.32
1.9153,-3.72
1.9173,-3.76
1.9193,-2.96
1.9213,-3.76
1.9233,-3.72
1.9253,-2.92
1.9273,-3.72
1.9293,-3.76
1.9313,-2.92
1.9333,-3.72
1.9353,-3.72
1.9373,-2.88
1.9393,-3.72
1.9413,-3.72
1.9433,-2.92
1.9453,-3.72
1.9473,-3.72
1.9493,-3.76
1.9513,-3.72
1.9533,-3.76
1.9553,-3.72
1.9573,-3.68
1.9593,-3.76
1.9613,-3.68
1.9633,-3.52
1.9653,-3.72
1.9673,-3.68
1.9693,-3.04
1.9713,-3.72
1.9733,-3.72
1.9753,-2.92
1.9773,-3.72
1.9793,-3.68
1.9813,-2.92
1.9833,-3.72
1.9853,-3.76
1.9873,-2.92
1.9893,-3.76
1.9913,-3.72
1.9933,-3.72
1.9953,-3.72
1.9973,-3.8
1.9993,-3.72
2.0013,-3.76
2.0033,-3.72
2.0053,-3.68
2.0073,-3.72
2.0093,-3.76
2.0113,-3.76
2.0133,-3.76
2.0153,-3.72
2.0173,-3.72
2.0193,-3.32
2.0213,-3.72
2.0233,-3.72
2.0253,-2.96
2.0273,-3.72
2.0293,-3.72
2.0313,-2.92
2.0333,-3.72
2.0353,-3.64
2.0373,-3.72
2.0393,-3.72
2.0413,-3.72
2.0433,-3.72
2.0453,-3.76
2.0473,-3.76
2.0493,-3.8
2.0513,-3.72
2.0533,-3.72
2.0553,-3.76
2.0573,-3.72
2.0593,-3.72
2.0613,-3.72
2.0633,-3.72
2.0653,-3.72
2.0673,-3.72
2.0693,-3.52
2.0713,-3.76
2.0733,-3.72
2.0753,-2.92
2.0773,-3.76
2.0793,-3.76
2.0813,-3.4
2.0833,-3.72
2.0853,-3.68
2.0873,-3.72
2.0893,-3.76
2.0913,-3.72
2.0933,-3.72
2.0953,-3.72
2.0973,-3.72
2.0993,-3.72
2.1013,-3.72
2.1033,-3.76
2.1054,-3.76
2.1074,-3.72
2.1094,-3.72
2.1114,-3.72
2.1134,-3.76
2.1154,-3.76
2.1174,-3.72
2.1194,-3.72
2.1214,-3.76
2.1234,-3.76
2.1254,-2.96
2.1274,-3.72
2.1294,-3.72
2.1314,-3.72
2.1334,-3.72
2.1354,-3.72
2.1374,-3.76
2.1394,-3.68
2.1414,-3.72
2.1434,-3.72
2.1454,-3.76
2.1474,-3.68
2.1494,-3.72
2.1514,-3.72
2.1534,-3.72
2.1554,-3.72
2.1574,-3.72
2.1594,-3.72
2.1614,-3.72
2.1634,-3.72
2.1654,-3.68
2.1674,-3.72
2.1694,-3.72
2.1714,-3.72
2.1734,-3.72
2.1754,-4.36
2.1774,-3.72
2.1794,-3.68
2.1814,-3.76
2.1834,-3.68
2.1854,-3.76
2.1874,-3.72
2.1894,-3.72
2.1914,-3.76
2.1934,-3.72
2.1954,-3.72
2.1974,-3.8
2.1994,-3.68
2.2014,-3.72
2.2034,-3.72
2.2054,-3.76
2.2074,-3.72
2.2094,-3.72
2.2114,-3.72
2.2134,-3.72
2.2154,-3.72
2.2174,-3.76
2.2194,-4.24
2.2214,-3.76
2.2234,-3.72
2.2254,-4.48
2.2274,-3.72
2.2294,-3.72
2.2314,-4.12
2.2334,-3.72
2.2354,-3.72
2.2374,-3.76
2.2394,-3.72
2.2414,-3.68
2.2434,-3.72
2.2454,-3.76
2.2474,-3.72
2.2494,-3.8
2.2514,-3.76
2.2534,-3.72
2.2554,-3.68
2.2574,-3.76
2.2594,-3.76
2.2614,-3.8
2.2634,-3.84
2.2654,-3.72
2.2674,-3.72
2.2694,-4.56
2.2714,-3.72
2.2734,-3.72
2.2754,-4.52
2.2774,-3.76
2.2794,-3.72
2.2814,-4.56
2.2834,-3.76
2.2854,-3.72
2.2874,-3.8
2.2894,-3.68
2.2914,-3.76
2.2934,-3.76
2.2954,-3.76
2.2974,-3.72
2.2994,-3.8
2.3014,-3.72
2.3034,-3.68
2.3054,-3.72
2.3074,-3.92
2.3094,-3.76
2.3114,-3.76
2.3134,-4.52
2.3154,-3.72
2.3174,-3.76
2.3194,-4.48
2.3214,-3.72
2.3234,-3.72
2.3254,-4.56
2.3274,-3.72
2.3294,-3.68
2.3314,-4.52
2.3334,-3.68
2.3354,-3.72
2.3374,-4.48
2.3394,-3.72
2.3414,-3.76
2.3434,-3.76
2.3454,-3.72
2.3474,-3.72
2.3494,-3.72
2.3514,-3.72
2.3534,-3.72
2.3554,-3.72
2.3574,-4.44
2.3594,-3.72
2.3614,-3.72
2.3634,-4.52
2.3654,-3.72
2.3674,-3.76
2.3694,-4.48
2.3714,-3.72
2.3734,-3.76
2.3754,-4.52
2.3774,-3.68
2.3794,-3.72
2.3814,-4.52
2.3834,-3.72
2.3854,-3.72
2.3874,-4.52
2.3894,-3.76
2.3914,-3.76
2.3934,-3.76
2.3954,-3.72
2.3974,-3.72
2.3994,-3.72
2.4014,-4.2
2.4034,-3.72
2.4054,-3.72
2.4074,-4.48
2.4094,-3.72
2.4114,-3.68
2.4134,-4.48
2.4154,-3.72
2.4174,-3.72
2.4194,-4.52
2.4214,-3.72
2.4234,-3.76
2.4254,-4.52
2.4274,-3.76
2.4294,-3.72
2.4314,-4.56
2.4334,-3.72
2.4354,-3.76
2.4374,-4.52
2.4394,-3.72
2.4414,-3.76
2.4434,-4.52
2.4454,-4.2
2.4474,-3.72
2.4494,-3.76
2.4514,-4.56
2.4534,-3.76
2.4554,-3.76
2.4574,-4.56
2.4594,-3.72
2.4614,-3.8
2.4634,-4.52
2.4654,-3.72
2.4674,-3.76
2.4694,-4.52
2.4714,-3.72
2.4734,-3.72
2.4754,-4.52
2.4774,-3.72
2.4794,-3.72
2.4814,-4.52
2.4834,-3.72
2.4854,-3.72
2.4874,-4.56
2.4894,-3.84
2.4914,-3.72
2.4934,-4.56
2.4954,-4.52
2.4974,-3.76
2.4994,-3.76
2.5014,-4.52
2.5034,-3.72
2.5054,-3.68
2.5074,-4.56
2.5094,-3.72
2.5114,-3.72
2.5134,-4.56
2.5154,-3.72
2.5174,-3.72
2.5194,-4.48
2.5214,-3.72
2.5234,-3.72
2.5254,-4.52
2.5274,-3.72
2.5294,-3.76
2.5314,-4.48
2.5334,-3.88
2.5354,-3.72
2.5374,-4.52
2.5394,-4.52
2.5414,-3.76
2.5434,-4.52
2.5454,-4.52
2.5474,-3.76
2.5494,-3.76
2.5514,-4.52
2.5534,-3.72
2.5554,-3.76
2.5574,-4.48
2.5594,-3.76
2.5614,-3.72
2.5634,-4.52
2.5654,-3.76
2.5674,-3.72
2.5694,-4.52
2.5714,-3.72
2.5734,-3.68
2.5754,-4.56
2.5774,-3.72
2.5794,-3.72
2.5814,-4.52
2.5834,-4.52
2.5854,-3.76
2.5874,-4.52
2.5894,-4.52
2.5914,-3.72
2.5934,-4.52
2.5954,-4.56
2.5974,-3.72
2.5994,-4.52
2.6014,-4.56
2.6034,-3.72
2.6054,-3.72
2.6074,-4.56
2.6094,-3.76
2.6114,-3.76
2.6134,-4.52
2.6154,-3.72
2.6174,-3.76
2.6194,-4.52
2.6214,-3.64
2.6234,-3.72
2.6254,-4.52
2.6274,-4.28
2.6294,-3.76
2.6314,-4.52
2.6335,-4.56
2.6355,-3.68
2.6375,-4.52
2.6395,-4.52
2.6415,-3.72
2.6435,-4.52
2.6455,-4.52
2.6475,-3.76
2.6495,-4.52
2.6515,-4.52
2.6535,-3.72
2.6555,-4.52
2.6575,-4.52
2.6595,-3.72
2.6615,-3.72
2.6635,-4.52
2.6655,-3.72
2.6675,-3.72
2.6695,-4.56
2.6715,-3.72
2.6735,-3.72
2.6755,-4.52
2.6775,-4.48
2.6795,-3.72
2.6815,-4.52
2.6835,-4.52
2.6855,-3.72
2.6875,-4.48
2.6895,-4.52
2.6915,-3.76
2.6935,-4.52
2.6955,-4.48
2.6975,-3.8
2.6995,-4.52
2.7015,-4.56
2.7035,-3.76
2.7055,-4.52
2.7075,-4.56
2.7095,-3.8
2.7115,-3.72
2.7135,-4.52
2.7155,-3.76
2.7175,-3.72
2.7195,-4.52
2.7215,-4.48
2.7235,-3.72
2.7255,-4.48
2.7275,-4.56
2.7295,-3.72
2.7315,-4.52
2.7335,-4.52
2.7355,-3.68
2.7375,-4.52
2.7395,-4.56
2.7415,-3.76
2.7435,-4.52
2.7455,-4.52
2.7475,-3.72
2.7495,-4.52
2.7515,-4.52
2.7535,-3.72
2.7555,-4.56
2.7575,-4.52
2.7595,-3.72
2.7615,-3.76
2.7635,-4.52
2.7655,-3.92
2.7675,-3.72
2.7695,-4.6
2.7715,-4.56
2.7735,-3.72
2.7755,-4.48
2.7775,-4.52
2.7795,-3.76
2.7815,-4.56
2.7835,-4.52
2.7855,-3.72
2.7875,-4.56
2.7895,-4.52
2.7915,-3.76
2.7935,-4.52
2.7955,-4.52
2.7975,-3.72
2.7995,-4.48
2.8015,-4.56
2.8035,-3.72
2.8055,-4.52
2.8075,-4.52
2.8095,-3.72
2.8115,-3.76
2.8135,-4.48
2.8155,-4.52
2.8175,-3.72
2.8195,-4.56
2.8215,-4.56
2.8235,-3.72
2.8255,-4.52
2.8275,-4.52
2.8295,-3.76
2.8315,-4.56
2.8335,-4.52
2.8355,-3.72
2.8375,-4.48
2.8395,-4.6
2.8415,-3.76
2.8435,-4.56
2.8455,-4.56
2.8475,-3.76
2.8495,-4.48
2.8515,-4.48
2.8535,-3.76
2.8555,-4.56
2.8575,-4.52
2.8595,-4.36
2.8615,-3.68
2.8635,-4.52
2.8655,-4.52
2.8675,-3.72
2.8695,-4.48
2.8715,-4.52
2.8735,-3.72
2.8755,-4.52
2.8775,-4.56
2.8795,-3.72
2.8815,-4.52
2.8835,-4.52
2.8855,-3.76
2.8875,-4.52
2.8895,-4.56
2.8915,-3.76
2.8935,-4.52
2.8955,-4.6
2.8975,-3.72
2.8995,-4.52
2.9015,-4.56
2.9035,-3.72
2.9055,-4.48
2.9075,-4.48
2.9095,-4.52
2.9115,-3.84
2.9135,-4.52
2.9155,-4.56
2.9175,-3.72
2.9195,-4.52
2.9215,-4.52
2.9235,-3.72
2.9255,-4.52
2.9275,-4.52
2.9295,-3.72
2.9315,-4.52
2.9335,-4.56
2.9355,-3.76
2.9375,-4.52
2.9395,-4.56
2.9415,-3.72
2.9435,-4.52
2.9455,-4.52
2.9475,-3.68
2.9495,-4.56
2.9515,-4.52
2.9535,-4.28
2.9555,-4.52
2.9575,-4.48
2.9595,-4.52
2.9615,-3.84
2.9635,-4.48
2.9655,-4.56
2.9675,-3.68
2.9695,-4.52
2.9715,-4.48
2.9735,-3.72
2.9755,-4.52
2.9775,-4.56
2.9795,-3.72
2.9815,-4.48
2.9835,-4.52
2.9855,-3.72
2.9875,-4.52
2.9895,-4.6
2.9915,-3.76
2.9935,-4.52
2.9955,-4.52
2.9975,-3.72
2.9995,-4.52
3.0015,-4.52
3.0035,-4.52
3.0055,-4.56
3.0075,-4.56
3.0095,-4.52
3.0115,-3.76
3.0135,-4.48
3.0155,-4.52
3.0175,-3.76
3.0195,-4.56
3.0215,-4.56
3.0235,-3.72
3.0255,-4.56
3.0275,-4.48
3.0295,-3.72
3.0315,-4.52
3.0335,-4.52
3.0355,-3.76
3.0375,-4.52
3.0395,-4.56
3.0415,-3.72
3.0435,-4.48
3.0455,-4.48
3.0475,-4.16
3.0495,-4.56
3.0515,-4.56
3.0535,-4.52
3.0555,-4.52
3.0575,-4.48
3.0595,-4.52
3.0615,-3.72
3.0635,-4.52
3.0655,-4.56
3.0675,-3.72
3.0695,-4.52
3.0715,-4.52
3.0735,-3.72
3.0755,-4.56
3.0775,-4.52
3.0795,-3.72
3.0815,-4.52
3.0835,-4.52
3.0855,-3.76
3.0875,-4.52
3.0895,-4.52
3.0915,-3.72
3.0935,-4.52
3.0955,-4.52
3.0975,-4.52
3.0995,-4.52
3.1015,-4.52
3.1035,-4.52
3.1055,-4.52
3.1075,-4.52
3.1095,-4.52
3.1115,-3.72
3.1135,-4.56
3.1155,-4.52
3.1175,-3.76
3.1195,-4.52
3.1215,-4.48
3.1235,-3.72
3.1255,-4.56
3.1275,-4.52
3.1295,-3.68
3.1315,-4.48
3.1335,-4.52
3.1355,-3.68
3.1375,-4.52
3.1395,-4.52
3.1415,-3.76
3.1435,-4.52
3.1455,-4.56
3.1475,-4.52
3.1495,-4.52
3.1515,-4.56
3.1535,-4.56
3.1555,-4.52
3.1575,-4.52
3.1596,-4.52
3.1616,-3.72
3.1636,-4.56
3.1656,-4.52
3.1676,-3.76
3.1696,-4.48
3.1716,-4.56
3.1736,-3.76
3.1756,-4.52
3.1776,-4.52
3.1796,-3.72
3.1816,-4.52
3.1836,-4.56
3.1856,-3.76
3.1876,-4.52
3.1896,-4.48
3.1916,-3.72
3.1936,-4.56
3.1956,-4.52
3.1976,-4.52
3.1996,-4.56
3.2016,-4.52
3.2036,-4.52
3.2056,-4.56
3.2076,-4.48
3.2096,-4.56
3.2116,-3.72
3.2136,-4.6
3.2156,-4.52
3.2176,-3.72
3.2196,-4.48
3.2216,-4.52
3.2236,-3.72
3.2256,-4.52
3.2276,-4.56
3.2296,-3.76
3.2316,-4.52
3.2336,-4.52
3.2356,-3.8
3.2376,-4.56
3.2396,-4.56
3.2416,-3.68
3.2436,-4.52
3.2456,-4.48
3.2476,-4.52
3.2496,-4.56
3.2516,-4.52
3.2536,-4.52
3.2556,-4.52
3.2576,-4.52
3.2596,-4.52
3.2616,-3.76
3.2636,-4.52
3.2656,-4.52
3.2676,-3.72
3.2696,-4.56
3.2716,-4.52
3.2736,-3.76
3.2756,-4.52
3.2776,-4.56
3.2796,-3.72
3.2816,-4.52
3.2836,-4.52
3.2856,-3.8
3.2876,-4.52
3.2896,-4.56
3.2916,-3.92
3.2936,-4.48
3.2956,-4.56
3.2976,-4.52
3.2996,-4.52
3.3016,-4.52
3.3036,-4.52
3.3056,-4.52
3.3076,-4.48
3.3096,-4.6
3.3116,-3.76
3.3136,-4.48
3.3156,-4.56
3.3176,-3.72
3.3196,-4.52
3.3216,-4.48
3.3236,-3.72
3.3256,-4.52
3.3276,-4.52
3.3296,-3.72
3.3316,-4.52
3.3336,-4.52
3.3356,-3.72
3.3376,-4.56
3.3396,-4.56
3.3416,-4.08
3.3436,-4.52
3.3456,-4.56
3.3476,-4.56
3.3496,-4.52
3.3516,-4.52
3.3536,-4.56
3.3556,-3.72
3.3576,-4.52
3.3596,-4.48
3.3616,-3.72
3.3636,-4.52
3.3656,-4.52
3.3676,-3.72
3.3696,-4.52
3.3716,-4.52
3.3736,-3.72
3.3756,-4.52
3.3776,-4.48
3.3796,-3.76
3.3816,-4.52
3.3836,-4.56
3.3856,-3.76
3.3876,-4.52
3.3896,-4.52
3.3916,-4.16
3.3936,-4.52
3.3956,-4.56
3.3976,-4.56
3.3996,-4.52
3.4016,-4.56
3.4036,-4.56
3.4056,-3.72
3.4076,-4.52
3.4096,-4.48
3.4116,-3.76
3.4136,-4.52
3.4156,-4.52
3.4176,-3.76
3.4196,-4.52
3.4216,-4.52
3.4236,-3.72
3.4256,-4.52
3.4276,-4.56
3.4296,-3.72
3.4316,-4.52
3.4336,-4.52
3.4356,-3.76
3.4376,-4.6
3.4396,-4.56
3.4416,-4.08
3.4436,-4.52
3.4456,-4.52
3.4476,-4.6
3.4496,-3.72
3.4516,-4.52
3.4536,-4.52
3.4556,-3.8
3.4576,-4.56
3.4596,-4.52
3.4616,-3.76
3.4636,-4.52
3.4656,-4.56
3.4676,-3.72
3.4696,-4.56
3.4716,-4.6
3.4736,-3.72
3.4756,-4.52
3.4776,-4.52
3.4796,-3.72
3.4816,-4.48
3.4836,-4.52
3.4856,-3.76
3.4876,-4.52
3.4896,-4.52
3.4916,-4
3.4936,-4.56
3.4956,-4.52
3.4976,-4.52
3.4996,-3.72
3.5016,-4.52
3.5036,-4.52
3.5056,-3.76
3.5076,-4.52
3.5096,-4.48
3.5116,-3.72
3.5136,-4.52
3.5156,-4.56
3.5176,-3.68
3.5196,-4.52
3.5216,-4.6
3.5236,-3.76
3.5256,-4.6
3.5276,-4.52
3.5296,-3.72
3.5316,-4.52
3.5336,-4.52
3.5356,-3.72
3.5376,-4.52
3.5396,-4.56
3.5416,-3.84
3.5436,-3.8
3.5456,-4.56
3.5476,-4.52
3.5496,-3.68
3.5516,-4.52
3.5536,-4.52
3.5556,-3.76
3.5576,-4.52
3.5596,-4.52
3.5616,-3.72
3.5636,-4.52
3.5656,-4.56
3.5676,-3.76
3.5696,-4.48
3.5716,-4.52
3.5736,-3.76
3.5756,-4.48
3.5776,-4.48
3.5796,-3.72
3.5816,-4.48
3.5836,-4.52
3.5856,-3.72
3.5876,-4.24
3.5896,-4.52
3.5916,-3.76
3.5936,-3.72
3.5956,-4.52
3.5976,-4.48
3.5996,-3.76
3.6016,-4.52
3.6036,-4.52
3.6056,-3.72
3.6076,-4.52
3.6096,-4.48
3.6116,-3.72
3.6136,-4.56
3.6156,-4.56
3.6176,-3.72
3.6196,-4.56
3.6216,-4.56
3.6236,-3.72
3.6256,-4.52
3.6276,-4.52
3.6296,-3.8
3.6316,-4.52
3.6336,-4.48
3.6356,-3.72
3.6376,-3.68
3.6396,-4.52
3.6416,-3.72
3.6436,-3.76
3.6456,-4.52
3.6476,-4.52
3.6496,-3.76
3.6516,-4.52
3.6536,-4.52
3.6556,-3.76
3.6576,-4.52
3.6596,-4.52
3.6616,-3.72
3.6636,-4.48
3.6656,-4.52
3.6676,-3.76
3.6696,-4.52
3.6716,-4.52
3.6736,-3.76
3.6756,-4.56
3.6776,-4.52
3.6796,-3.76
3.6816,-3.76
3.6836,-4.56
3.6857,-3.68
3.6877,-3.72
3.6897,-4.56
3.6917,-3.72
3.6937,-3.76
3.6957,-4.52
3.6977,-4
3.6997,-3.72
3.7017,-4.52
3.7037,-4.52
3.7057,-3.72
3.7077,-4.56
3.7097,-4.48
3.7117,-3.68
3.7137,-4.52
3.7157,-4.52
3.7177,-3.72
3.7197,-4.52
3.7217,-4.48
3.7237,-3.72
3.7257,-4.52
3.7277,-4.52
3.7297,-3.72
3.7317,-3.76
3.7337,-4.52
3.7357,-3.72
3.7377,-3.72
3.7397,-4.52
3.7417,-3.76
3.7437,-3.76
3.7457,-4.52
3.7477,-3.76
3.7497,-3.72
3.7517,-4.52
3.7537,-4.52
3.7557,-3.76
3.7577,-4.52
3.7597,-4.52
3.7617,-3.72
3.7637,-4.56
3.7657,-4.52
3.7677,-3.8
3.7697,-4.48
3.7717,-4.56
3.7737,-3.76
3.7757,-3.68
3.7777,-4.52
3.7797,-3.76
3.7817,-3.72
3.7837,-4.48
3.7857,-3.72
3.7877,-3.72
3.7897,-4.56
3.7917,-3.76
3.7937,-3.72
3.7957,-4.52
3.7977,-3.72
3.7997,-3.72
3.8017,-4.52
3.8037,-4.28
3.8057,-3.76
3.8077,-4.52
3.8097,-4.6
3.8117,-3.72
3.8137,-4.56
3.8157,-4.56
3.8177,-3.72
3.8197,-3.72
3.8217,-4.52
3.8237,-3.72
3.8257,-3.72
3.8277,-4.52
3.8297,-3.72
3.8317,-3.72
3.8337,-4.52
3.8357,-3.72
3.8377,-3.72
3.8397,-4.52
3.8417,-3.72
3.8437,-3.72
3.8457,-4.52
3.8477,-3.68
3.8497,-3.76
3.8517,-4.52
3.8537,-3.84
3.8557,-3.72
3.8577,-4.56
3.8597,-4.52
3.8617,-3.72
3.8637,-3.96
3.8657,-4.56
3.8677,-3.72
3.8697,-3.72
3.8717,-4.52
3.8737,-3.72
3.8757,-3.76
3.8777,-4.52
3.8797,-3.72
3.8817,-3.76
3.8837,-4.52
3.8857,-3.72
3.8877,-3.76
3.8897,-4.52
3.8917,-3.72
3.8937,-3.72
3.8957,-4.52
3.8977,-3.72
3.8997,-3.72
3.9017,-4.52
3.9037,-3.72
3.9057,-3.72
3.9077,-4.56
3.9097,-4.48
3.9117,-3.76
3.9137,-3.72
3.9157,-4.52
3.9177,-3.76
3.9197,-3.76
3.9217,-4.56
3.9237,-3.72
3.9257,-3.72
3.9277,-4.52
3.9297,-3.72
3.9317,-3.76
3.9337,-4.52
3.9357,-3.72
3.9377,-3.72
3.9397,-4.52
3.9417,-3.72
3.9437,-3.72
3.9457,-4.52
3.9477,-3.76
3.9497,-3.72
3.9517,-4.52
3.9537,-3.72
3.9557,-3.76
3.9577,-3.72
3.9597,-4.12
3.9617,-3.72
3.9637,-3.76
3.9657,-4.52
3.9677,-3.76
3.9697,-3.76
3.9717,-4.52
3.9737,-3.76
3.9757,-3.76
3.9777,-4.52
3.9797,-3.76
3.9817,-3.72
3.9837,-4.52
3.9857,-3.72
3.9877,-3.76
3.9897,-4.56
3.9917,-3.8
3.9937,-3.72
3.9957,-4.52
3.9977,-3.76
3.9997,-3.72
4.0017,-3.72
4.0037,-3.72
4.0057,-3.72
4.0077,-3.76
4.0097,-3.96
4.0117,-3.72
4.0137,-3.76
4.0157,-4.52
4.0177,-3.72
4.0197,-3.72
4.0217,-4.52
4.0237,-3.8
4.0257,-3.72
4.0277,-4.52
4.0297,-3.72
4.0317,-3.72
4.0337,-4.56
4.0357,-3.76
4.0377,-3.68
4.0397,-4.6
4.0417,-3.72
4.0437,-3.72
4.0457,-3.72
4.0477,-3.72
4.0497,-3.8
4.0517,-3.72
4.0537,-3.72
4.0557,-3.72
4.0577,-3.72
4.0597,-3.72
4.0617,-3.72
4.0637,-3.72
4.0657,-4.16
4.0677,-3.72
4.0697,-3.72
4.0717,-4.52
4.0737,-3.72
4.0757,-3.76
4.0777,-4.56
4.0797,-3.72
4.0817,-3.72
4.0837,-4.56
4.0857,-3.76
4.0877,-3.72
4.0897,-3.72
4.0917,-3.72
4.0937,-3.72
4.0957,-3.72
4.0977,-3.64
4.0997,-3.72
4.1017,-3.72
4.1037,-3.72
4.1057,-3.72
4.1077,-3.76
4.1097,-3.72
4.1117,-3.72
4.1137,-3.76
4.1157,-3.84
4.1177,-3.76
4.1197,-3.72
4.1217,-4.52
4.1237,-3.72
4.1257,-3.76
4.1277,-4.56
4.1297,-3.72
4.1317,-3.72
4.1337,-3.8
4.1357,-3.72
4.1377,-3.72
4.1397,-3.72
4.1417,-3.76
4.1437,-3.68
4.1457,-3.72
4.1477,-3.72
4.1497,-3.76
4.1517,-3.72
4.1537,-3.72
4.1557,-3.76
4.1577,-3.72
4.1597,-3.72
4.1617,-3.76
4.1637,-3.72
4.1657,-3.72
4.1677,-3.76
4.1697,-3.72
4.1717,-4.44
4.1737,-3.76
4.1757,-3.76
4.1777,-3.72
4.1797,-3.72
4.1817,-3.72
4.1837,-3.72
4.1857,-3.72
4.1877,-3.72
4.1897,-3.72
4.1917,-3.72
4.1937,-3.72
4.1957,-3.72
4.1977,-3.76
4.1997,-3.72
4.2017,-3.76
4.2037,-3.72
4.2057,-3.72
4.2077,-3.72
4.2097,-3.72
4.2118,-3.76
4.2138,-3.76
4.2158,-3.76
4.2178,-3.76
4.2198,-3.72
4.2218,-3.72
4.2238,-3.72
4.2258,-3.72
4.2278,-3.72
4.2298,-3.72
4.2318,-3.72
4.2338,-3.76
4.2358,-3.72
4.2378,-3.72
4.2398,-3.72
4.2418,-3.8
4.2438,-3.76
4.2458,-3.68
4.2478,-3.72
4.2498,-3.72
4.2518,-3.72
4.2538,-3.72
4.2558,-3.76
4.2578,-3.72
4.2598,-3.72
4.2618,-3.72
4.2638,-3.76
4.2658,-3.72
4.2678,-3.76
4.2698,-3.72
4.2718,-3.12
4.2738,-3.76
4.2758,-3.76
4.2778,-3.64
4.2798,-3.72
4.2818,-3.72
4.2838,-3.76
4.2858,-3.76
4.2878,-3.72
4.2898,-3.72
4.2918,-3.72
4.2938,-3.72
4.2958,-3.72
4.2978,-3.72
4.2998,-3.72
4.3018,-3.72
4.3038,-3.76
4.3058,-3.72
4.3078,-3.72
4.3098,-3.72
4.3118,-3.72
4.3138,-3.72
4.3158,-3.24
4.3178,-3.72
4.3198,-3.72
4.3218,-2.96
4.3238,-3.72
4.3258,-3.76
4.3278,-2.92
4.3298,-3.72
4.3318,-3.68
4.3338,-3.76
4.3358,-3.72
4.3378,-3.72
4.3398,-3.68
4.3418,-3.76
4.3438,-3.64
4.3458,-3.76
4.3478,-3.76
4.3498,-3.76
4.3518,-3.76
4.3538,-3.72
4.3558,-3.72
4.3578,-3.76
4.3598,-3.52
4.3618,-3.76
4.3638,-3.76
4.3658,-2.96
4.3678,-3.72
4.3698,-3.72
4.3718,-2.96
4.3738,-3.72
4.3758,-3.72
4.3778,-2.88
4.3798,-3.76
4.3818,-3.76
4.3838,-3.72
4.3858,-3.72
4.3878,-3.68
4.3898,-3.72
4.3918,-3.76
4.3938,-3.72
4.3958,-3.76
4.3978,-3.72
4.3998,-3.72
4.4018,-3.76
4.4038,-3.48
4.4058,-3.68
4.4078,-3.72
4.4098,-3
4.4118,-3.68
4.4138,-3.72
4.4158,-2.92
4.4178,-3.72
4.4198,-3.72
4.4218,-2.92
4.4238,-3.76
4.4258,-3.76
4.4278,-2.92
4.4298,-3.72
4.4318,-3.76
4.4338,-2.88
4.4358,-3.72
4.4378,-3.76
4.4398,-3.72
4.4418,-3.72
4.4438,-3.72
4.4458,-3.76
4.4478,-3.68
4.4498,-3.76
4.4518,-3.72
4.4538,-2.96
4.4558,-3.72
4.4578,-3.68
4.4598,-2.92
4.4618,-3.76
4.4638,-3.72
4.4658,-2.92
4.4678,-3.72
4.4698,-3.68
4.4718,-2.92
4.4738,-3.76
4.4758,-3.72
4.4778,-2.92
4.4798,-3.72
4.4818,-3.72
4.4838,-2.92
4.4858,-3.76
4.4878,-3.72
4.4898,-3.76
4.4918,-3.76
4.4938,-3.72
4.4958,-3.72
4.4978,-3.08
4.4998,-3.76
4.5018,-3.72
4.5038,-2.92
4.5058,-3.76
4.5078,-3.76
4.5098,-2.92
4.5118,-3.76
4.5138,-3.72
4.5158,-2.84
4.5178,-3.72
4.5198,-3.72
4.5218,-2.92
4.5238,-3.72
4.5258,-3.72
4.5278,-2.92
4.5298,-3.72
4.5318,-3.72
4.5338,-2.96
4.5358,-3.76
4.5378,-3.72
4.5398,-2.92
4.5418,-3.2
4.5438,-3.72
4.5458,-3.72
4.5478,-2.92
4.5498,-3.72
4.5518,-3.72
4.5538,-2.92
4.5558,-3.76
4.5578,-3.76
4.5598,-2.92
4.5618,-3.72
4.5638,-3.72
4.5658,-2.92
4.5678,-3.76
4.5698,-3.76
4.5718,-2.92
4.5738,-3.72
4.5758,-3.72
4.5778,-2.96
4.5798,-3.72
4.5818,-3.76
4.5838,-2.96
4.5858,-3.56
4.5878,-3.76
4.5898,-2.96
4.5918,-2.92
4.5938,-3.76
4.5958,-3.72
4.5978,-2.88
4.5998,-3.72
4.6018,-3.68
4.6038,-2.96
4.6058,-3.72
4.6078,-3.76
4.6098,-2.92
4.6118,-3.76
4.6138,-3.76
4.6158,-2.96
4.6178,-3.72
4.6198,-3.72
4.6218,-2.88
4.6238,-3.76
4.6258,-3.72
4.6278,-2.88
4.6298,-3.56
4.6318,-3.76
4.6338,-2.92
4.6358,-2.92
4.6378,-3.72
4.6398,-2.96
4.6418,-2.92
4.6438,-3.72
4.6458,-2.92
4.6478,-2.92
4.6498,-3.72
4.6518,-3.72
4.6538,-2.92
4.6558,-3.76
4.6578,-3.72
4.6598,-2.88
4.6618,-3.76
4.6638,-3.72
4.6658,-2.96
4.6678,-3.72
4.6698,-3.72
4.6718,-2.92
4.6738,-3.72
4.6758,-3.72
4.6778,-2.92
4.6798,-2.88
4.6818,-3.72
4.6838,-2.92
4.6858,-2.96
4.6878,-3.76
4.6898,-2.92
4.6918,-2.92
4.6938,-3.72
4.6958,-3
4.6978,-2.92
4.6998,-3.72
4.7018,-3.8
4.7038,-2.92
4.7058,-3.72
4.7078,-3.72
4.7098,-2.88
4.7118,-3.72
4.7138,-3.72
4.7158,-2.96
4.7178,-3.68
4.7198,-3.76
4.7218,-2.92
4.7238,-3.08
4.7258,-3.68
4.7278,-2.92
4.7298,-2.92
4.7318,-3.76
4.7338,-2.92
4.7358,-2.92
4.7379,-3.72
4.7399,-2.92
4.7419,-2.96
4.7439,-3.72
4.7459,-2.92
4.7479,-2.88
4.7499,-3.72
4.7519,-2.88
4.7539,-2.92
4.7559,-3.72
4.7579,-3.68
4.7599,-2.92
4.7619,-3.76
4.7639,-3.72
4.7659,-2.88
4.7679,-3.76
4.7699,-3.76
4.7719,-2.96
4.7739,-2.96
4.7759,-3.72
4.7779,-2.92
4.7799,-2.96
4.7819,-3.72
4.7839,-2.92
4.7859,-2.92
4.7879,-3.76
4.7899,-2.96
4.7919,-2.92
4.7939,-3.68
4.7959,-2.92
4.7979,-2.96
4.7999,-3.72
4.8019,-2.92
4.8039,-2.92
4.8059,-3.68
4.8079,-3.72
4.8099,-2.88
4.8119,-3.68
4.8139,-3.76
4.8159,-2.96
4.8179,-3
4.8199,-3.76
4.8219,-2.88
4.8239,-2.88
4.8259,-3.76
4.8279,-2.96
4.8299,-2.92
4.8319,-3.72
4.8339,-2.92
4.8359,-2.92
4.8379,-3.68
4.8399,-2.96
4.8419,-2.92
4.8439,-3.72
4.8459,-2.92
4.8479,-2.92
4.8499,-3.76
4.8519,-2.92
4.8539,-2.88
4.8559,-3.76
4.8579,-3.76
4.8599,-2.92
4.8619,-3.52
4.8639,-3.72
4.8659,-2.96
4.8679,-2.88
4.8699,-3.72
4.8719,-2.88
4.8739,-2.92
4.8759,-3.68
4.8779,-2.96
4.8799,-2.92
4.8819,-3.72
4.8839,-2.92
4.8859,-2.96
4.8879,-3.76
4.8899,-3
4.8919,-2.92
4.8939,-3.72
4.8959,-2.88
4.8979,-2.92
4.8999,-3.72
4.9019,-2.88
4.9039,-2.88
4.9059,-3.68
4.9079,-3.64
4.9099,-2.92
4.9119,-2.92
4.9139,-3.8
4.9159,-2.84
4.9179,-2.92
4.9199,-3.76
4.9219,-2.92
4.9239,-2.92
4.9259,-3.72
4.9279,-2.92
4.9299,-2.92
4.9319,-3.76
4.9339,-2.92
4.9359,-2.96
4.9379,-3.72
4.9399,-2.88
4.9419,-2.88
4.9439,-3.72
4.9459,-2.92
4.9479,-2.92
4.9499,-3.68
4.9519,-2.92
4.9539,-2.96
4.9559,-3.08
4.9579,-3
4.9599,-2.92
4.9619,-2.96
4.9639,-3.76
4.9659,-2.92
4.9679,-2.92
4.9699,-3.72
4.9719,-2.88
4.9739,-2.92
4.9759,-3.76
4.9779,-2.88
4.9799,-2.92
4.9819,-3.76
4.9839,-2.96
4.9859,-2.92
4.9879,-3.72
4.9899,-2.92
4.9919,-2.92
4.9939,-3.76
4.9959,-2.88
4.9979,-2.92
4.9999,-3.68
