xdata, curve0, curve1, curve2
1e-05,4.1911,-286.62,282.43
2e-05,5.5988,-287.36,281.76
3e-05,7.0086,-288.1,281.09
4e-05,8.4205,-288.83,280.41
5e-05,9.8344,-289.56,279.72
6e-05,11.25,-290.28,279.03
7e-05,12.668,-290.99,278.32
8e-05,14.088,-291.7,277.61
9e-05,15.509,-292.4,276.89
0.0001,16.932,-293.09,276.16
0.00011,18.357,-293.78,275.43
0.00012,19.783,-294.47,274.68
0.00013,21.21,-295.14,273.93
0.00014,22.639,-295.81,273.17
0.00015,24.07,-296.48,272.41
0.00016,25.501,-297.13,271.63
0.00017,26.934,-297.79,270.85
0.00018,28.368,-298.43,270.06
0.00019,29.802,-299.07,269.26
0.0002,31.238,-299.7,268.46
0.00021,32.674,-300.32,267.64
0.00022,34.111,-300.93,266.82
0.00023,35.549,-301.54,265.99
0.00024,36.987,-302.14,265.16
0.00025,38.426,-302.74,264.31
0.00026,39.865,-303.32,263.46
0.00027,41.305,-303.9,262.6
0.00028,42.744,-304.47,261.73
0.00029,44.184,-305.04,260.86
0.0003,45.624,-305.6,259.97
0.00031,47.063,-306.14,259.08
0.00032,48.503,-306.69,258.18
0.00033,49.942,-307.22,257.28
0.00034,51.381,-307.74,256.36
0.00035,52.819,-308.26,255.44
0.00036,54.257,-308.77,254.51
0.00037,55.694,-309.27,253.58
0.00038,57.131,-309.76,252.63
0.00039,58.566,-310.25,251.68
0.0004,60.001,-310.73,250.72
0.00041,61.435,-311.19,249.76
0.00042,62.867,-311.65,248.79
0.00043,64.299,-312.1,247.81
0.00044,65.728,-312.55,246.82
0.00045,67.157,-312.98,245.82
0.00046,68.584,-313.41,244.82
0.00047,70.009,-313.82,243.81
0.00048,71.433,-314.23,242.8
0.00049,72.855,-314.63,241.78
0.0005,74.275,-315.02,240.75
0.00051,75.693,-315.4,239.71
0.00052,77.108,-315.78,238.67
0.00053,78.522,-316.14,237.62
0.00054,79.933,-316.5,236.56
0.00055,81.342,-316.84,235.5
0.00056,82.748,-317.18,234.43
0.00057,84.151,-317.51,233.36
0.00058,85.552,-317.83,232.27
0.00059,86.95,-318.14,231.19
0.0006,88.345,-318.44,230.09
0.00061,89.737,-318.73,228.99
0.00062,91.126,-319.01,227.88
0.00063,92.512,-319.28,226.77
0.00064,93.894,-319.55,225.65
0.00065,95.273,-319.8,224.53
0.00066,96.648,-320.04,223.4
0.00067,98.02,-320.28,222.26
0.00068,99.388,-320.51,221.12
0.00069,100.75,-320.72,219.97
0.0007,102.11,-320.93,218.82
0.00071,103.47,-321.13,217.66
0.00072,104.82,-321.32,216.49
0.00073,106.17,-321.49,215.33
0.00074,107.51,-321.66,214.15
0.00075,108.85,-321.82,212.97
0.00076,110.18,-321.97,211.79
0.00077,111.51,-322.11,210.6
0.00078,112.84,-322.24,209.4
0.00079,114.16,-322.37,208.21
0.0008,115.48,-322.48,207
0.00081,116.79,-322.58,205.79
0.00082,118.09,-322.67,204.58
0.00083,119.39,-322.76,203.37
0.00084,120.69,-322.83,202.15
0.00085,121.98,-322.9,200.92
0.00086,123.26,-322.95,199.69
0.00087,124.54,-323,198.46
0.00088,125.81,-323.03,197.22
0.00089,127.08,-323.06,195.98
0.0009,128.34,-323.08,194.74
0.00091,129.6,-323.09,193.49
0.00092,130.85,-323.08,192.24
0.00093,132.09,-323.07,190.98
0.00094,133.33,-323.05,189.72
0.00095,134.56,-323.02,188.46
0.00096,135.79,-322.98,187.2
0.00097,137,-322.94,185.93
0.00098,138.22,-322.88,184.66
0.00099,139.42,-322.81,183.39
0.001,140.62,-322.74,182.11
0.00101,141.81,-322.65,180.84
0.00102,143,-322.56,179.56
0.00103,144.18,-322.45,178.27
0.00104,145.35,-322.34,176.99
0.00105,146.52,-322.22,175.7
0.00106,147.68,-322.09,174.41
0.00107,148.83,-321.95,173.12
0.00108,149.97,-321.8,171.83
0.00109,151.11,-321.65,170.54
0.0011,152.24,-321.48,169.24
0.00111,153.36,-321.31,167.94
0.00112,154.48,-321.12,166.64
0.00113,155.59,-320.93,165.34
0.00114,156.69,-320.73,164.04
0.00115,157.78,-320.52,162.74
0.00116,158.86,-320.3,161.44
0.00117,159.94,-320.08,160.14
0.00118,161.01,-319.85,158.83
0.00119,162.08,-319.6,157.53
0.0012,163.13,-319.35,156.22
0.00121,164.18,-319.09,154.92
0.00122,165.22,-318.83,153.61
0.00123,166.25,-318.55,152.31
0.00124,167.27,-318.27,151
0.00125,168.29,-317.98,149.7
0.00126,169.29,-317.68,148.39
0.00127,170.29,-317.38,147.09
0.00128,171.28,-317.06,145.78
0.00129,172.27,-316.74,144.48
0.0013,173.24,-316.42,143.17
0.00131,174.21,-316.08,141.87
0.00132,175.17,-315.74,140.57
0.00133,176.12,-315.39,139.27
0.00134,177.06,-315.03,137.97
0.00135,177.99,-314.66,136.67
0.00136,178.92,-314.29,135.37
0.00137,179.84,-313.91,134.08
0.00138,180.75,-313.53,132.78
0.00139,181.65,-313.14,131.49
0.0014,182.54,-312.74,130.2
0.00141,183.42,-312.33,128.91
0.00142,184.3,-311.92,127.62
0.00143,185.17,-311.5,126.34
0.00144,186.03,-311.08,125.05
0.00145,186.88,-310.65,123.77
0.00146,187.72,-310.21,122.49
0.00147,188.56,-309.77,121.21
0.00148,189.38,-309.32,119.94
0.00149,190.2,-308.87,118.67
0.0015,191.01,-308.41,117.4
0.00151,191.81,-307.94,116.13
0.00152,192.6,-307.47,114.87
0.00153,193.39,-306.99,113.61
0.00154,194.16,-306.51,112.35
0.00155,194.93,-306.03,111.1
0.00156,195.69,-305.53,109.84
0.00157,196.44,-305.04,108.6
0.00158,197.19,-304.54,107.35
0.00159,197.92,-304.03,106.11
0.0016,198.65,-303.52,104.87
0.00161,199.37,-303,103.64
0.00162,200.08,-302.48,102.41
0.00163,200.78,-301.96,101.18
0.00164,201.47,-301.43,99.955
0.00165,202.16,-300.9,98.735
0.00166,202.84,-300.36,97.52
0.00167,203.51,-299.82,96.308
0.00168,204.17,-299.27,95.101
0.00169,204.83,-298.72,93.897
0.0017,205.47,-298.17,92.698
0.00171,206.11,-297.62,91.503
0.00172,206.74,-297.06,90.312
0.00173,207.37,-296.49,89.126
0.00174,207.98,-295.93,87.944
0.00175,208.59,-295.36,86.767
0.00176,209.19,-294.79,85.594
0.00177,209.79,-294.21,84.426
0.00178,210.37,-293.64,83.263
0.00179,210.95,-293.06,82.104
0.0018,211.52,-292.47,80.95
0.00181,212.09,-291.89,79.801
0.00182,212.64,-291.3,78.657
0.00183,213.19,-290.71,77.518
0.00184,213.74,-290.12,76.384
0.00185,214.27,-289.53,75.254
0.00186,214.8,-288.93,74.13
0.00187,215.32,-288.33,73.011
0.00188,215.84,-287.73,71.897
0.00189,216.35,-287.13,70.788
0.0019,216.85,-286.53,69.684
0.00191,217.34,-285.93,68.585
0.00192,217.83,-285.32,67.492
0.00193,218.31,-284.72,66.404
0.00194,218.79,-284.11,65.321
0.00195,219.26,-283.5,64.244
0.00196,219.72,-282.89,63.172
0.00197,220.18,-282.28,62.105
0.00198,220.63,-281.67,61.044
0.00199,221.07,-281.06,59.988
0.002,221.51,-280.45,58.937
0.00201,221.95,-279.84,57.892
0.00202,222.37,-279.23,56.853
0.00203,222.8,-278.61,55.819
0.00204,223.21,-278,54.79
0.00205,223.62,-277.39,53.767
0.00206,224.03,-276.78,52.749
0.00207,224.43,-276.16,51.736
0.00208,224.82,-275.55,50.73
0.00209,225.21,-274.94,49.728
0.0021,225.6,-274.33,48.732
0.00211,225.98,-273.72,47.742
0.00212,226.35,-273.11,46.757
0.00213,226.72,-272.5,45.777
0.00214,227.09,-271.89,44.803
0.00215,227.45,-271.28,43.834
0.00216,227.8,-270.68,42.871
0.00217,228.16,-270.07,41.913
0.00218,228.5,-269.46,40.96
0.00219,228.85,-268.86,40.013
0.0022,229.19,-268.26,39.071
0.00221,229.52,-267.66,38.135
0.00222,229.85,-267.06,37.203
0.00223,230.18,-266.46,36.277
0.00224,230.51,-265.86,35.356
0.00225,230.83,-265.27,34.441
0.00226,231.14,-264.67,33.53
0.00227,231.46,-264.08,32.625
0.00228,231.77,-263.49,31.725
0.00229,232.08,-262.9,30.83
0.0023,232.38,-262.32,29.94
0.00231,232.68,-261.73,29.054
0.00232,232.98,-261.15,28.174
0.00233,233.27,-260.57,27.299
0.00234,233.57,-259.99,26.428
0.00235,233.86,-259.42,25.563
0.00236,234.14,-258.85,24.702
0.00237,234.43,-258.27,23.846
0.00238,234.71,-257.71,22.994
0.00239,234.99,-257.14,22.147
0.0024,235.27,-256.58,21.305
0.00241,235.55,-256.01,20.467
0.00242,235.82,-255.46,19.634
0.00243,236.09,-254.9,18.805
0.00244,236.37,-254.35,17.98
0.00245,236.63,-253.79,17.16
0.00246,236.9,-253.25,16.343
0.00247,237.17,-252.7,15.531
0.00248,237.43,-252.16,14.723
0.00249,237.7,-251.62,13.919
0.0025,237.96,-251.08,13.119
0.00251,238.22,-250.55,12.323
0.00252,238.48,-250.01,11.531
0.00253,238.74,-249.49,10.742
0.00254,239,-248.96,9.9572
0.00255,239.26,-248.44,9.1758
0.00256,239.52,-247.92,8.3979
0.00257,239.78,-247.4,7.6235
0.00258,240.03,-246.89,6.8524
0.00259,240.29,-246.38,6.0846
0.0026,240.55,-245.87,5.32
0.00261,240.8,-245.36,4.5585
0.00262,241.06,-244.86,3.8001
0.00263,241.32,-244.36,3.0446
0.00264,241.57,-243.87,2.292
0.00265,241.83,-243.37,1.5422
0.00266,242.09,-242.88,0.79516
0.00267,242.34,-242.4,0.050714
0.00268,242.6,-241.91,-0.69119
0.00269,242.86,-241.43,-1.4306
0.0027,243.12,-240.95,-2.1677
0.00271,243.38,-240.48,-2.9025
0.00272,243.64,-240.01,-3.6351
0.00273,243.9,-239.54,-4.3656
0.00274,244.16,-239.07,-5.0941
0.00275,244.43,-238.61,-5.8206
0.00276,244.69,-238.15,-6.5454
0.00277,244.96,-237.69,-7.2683
0.00278,245.22,-237.23,-7.9897
0.00279,245.49,-236.78,-8.7094
0.0028,245.76,-236.33,-9.4277
0.00281,246.03,-235.89,-10.145
0.00282,246.31,-235.44,-10.86
0.00283,246.58,-235,-11.575
0.00284,246.85,-234.57,-12.288
0.00285,247.13,-234.13,-13
0.00286,247.41,-233.7,-13.712
0.00287,247.69,-233.27,-14.423
0.00288,247.97,-232.84,-15.132
0.00289,248.26,-232.42,-15.842
0.0029,248.54,-231.99,-16.551
0.00291,248.83,-231.57,-17.259
0.00292,249.12,-231.15,-17.967
0.00293,249.41,-230.74,-18.675
0.00294,249.71,-230.33,-19.382
0.00295,250.01,-229.92,-20.09
0.00296,250.3,-229.51,-20.797
0.00297,250.6,-229.1,-21.505
0.00298,250.91,-228.7,-22.213
0.00299,251.21,-228.29,-22.921
0.003,251.52,-227.89,-23.63
0.00301,251.83,-227.49,-24.339
0.00302,252.14,-227.1,-25.049
0.00303,252.46,-226.7,-25.759
0.00304,252.78,-226.31,-26.471
0.00305,253.1,-225.92,-27.183
0.00306,253.42,-225.52,-27.896
0.00307,253.75,-225.14,-28.61
0.00308,254.07,-224.75,-29.326
0.00309,254.4,-224.36,-30.042
0.0031,254.74,-223.98,-30.76
0.00311,255.07,-223.59,-31.479
0.00312,255.41,-223.21,-32.2
0.00313,255.75,-222.83,-32.923
0.00314,256.1,-222.45,-33.647
0.00315,256.44,-222.07,-34.373
0.00316,256.79,-221.69,-35.1
0.00317,257.15,-221.32,-35.83
0.00318,257.5,-220.94,-36.562
0.00319,257.86,-220.56,-37.295
0.0032,258.22,-220.19,-38.031
0.00321,258.58,-219.81,-38.77
0.00322,258.95,-219.44,-39.51
0.00323,259.31,-219.06,-40.253
0.00324,259.68,-218.69,-40.999
0.00325,260.06,-218.31,-41.747
0.00326,260.43,-217.94,-42.498
0.00327,260.81,-217.56,-43.251
0.00328,261.19,-217.19,-44.008
0.00329,261.58,-216.81,-44.767
0.0033,261.97,-216.44,-45.529
0.00331,262.36,-216.06,-46.294
0.00332,262.75,-215.68,-47.062
0.00333,263.14,-215.31,-47.834
0.00334,263.54,-214.93,-48.609
0.00335,263.94,-214.55,-49.386
0.00336,264.34,-214.17,-50.168
0.00337,264.75,-213.79,-50.953
0.00338,265.15,-213.41,-51.741
0.00339,265.56,-213.03,-52.533
0.0034,265.97,-212.65,-53.328
0.00341,266.39,-212.26,-54.127
0.00342,266.8,-211.87,-54.93
0.00343,267.22,-211.49,-55.736
0.00344,267.64,-211.1,-56.547
0.00345,268.07,-210.7,-57.361
0.00346,268.49,-210.31,-58.179
0.00347,268.92,-209.92,-59.001
0.00348,269.35,-209.52,-59.828
0.00349,269.78,-209.12,-60.658
0.0035,270.21,-208.72,-61.492
0.00351,270.65,-208.31,-62.331
0.00352,271.08,-207.91,-63.174
0.00353,271.52,-207.5,-64.021
0.00354,271.96,-207.09,-64.872
0.00355,272.4,-206.67,-65.728
0.00356,272.84,-206.26,-66.588
0.00357,273.29,-205.84,-67.452
0.00358,273.74,-205.41,-68.321
0.00359,274.18,-204.99,-69.194
0.0036,274.63,-204.56,-70.072
0.00361,275.08,-204.13,-70.954
0.00362,275.53,-203.69,-71.841
0.00363,275.99,-203.25,-72.732
0.00364,276.44,-202.81,-73.628
0.00365,276.89,-202.37,-74.529
0.00366,277.35,-201.92,-75.434
0.00367,277.81,-201.46,-76.344
0.00368,278.26,-201,-77.258
0.00369,278.72,-200.54,-78.177
0.0037,279.18,-200.08,-79.101
0.00371,279.64,-199.61,-80.03
0.00372,280.1,-199.13,-80.963
0.00373,280.56,-198.65,-81.901
0.00374,281.02,-198.17,-82.843
0.00375,281.48,-197.68,-83.79
0.00376,281.94,-197.19,-84.742
0.00377,282.4,-196.7,-85.699
0.00378,282.86,-196.2,-86.66
0.00379,283.32,-195.69,-87.626
0.0038,283.77,-195.18,-88.597
0.00381,284.23,-194.66,-89.573
0.00382,284.69,-194.14,-90.553
0.00383,285.15,-193.61,-91.537
0.00384,285.61,-193.08,-92.527
0.00385,286.07,-192.55,-93.521
0.00386,286.52,-192,-94.52
0.00387,286.98,-191.45,-95.523
0.00388,287.43,-190.9,-96.531
0.00389,287.89,-190.34,-97.543
0.0039,288.34,-189.78,-98.56
0.00391,288.79,-189.21,-99.581
0.00392,289.24,-188.63,-100.61
0.00393,289.69,-188.05,-101.64
0.00394,290.13,-187.46,-102.67
0.00395,290.58,-186.87,-103.71
0.00396,291.02,-186.27,-104.76
0.00397,291.46,-185.66,-105.8
0.00398,291.9,-185.05,-106.86
0.00399,292.34,-184.43,-107.91
0.004,292.77,-183.8,-108.97
0.00401,293.21,-183.17,-110.04
0.00402,293.64,-182.53,-111.11
0.00403,294.07,-181.89,-112.18
0.00404,294.49,-181.24,-113.26
0.00405,294.91,-180.58,-114.34
0.00406,295.33,-179.91,-115.42
0.00407,295.75,-179.24,-116.51
0.00408,296.17,-178.56,-117.6
0.00409,296.58,-177.88,-118.7
0.0041,296.99,-177.19,-119.8
0.00411,297.39,-176.49,-120.9
0.00412,297.79,-175.78,-122.01
0.00413,298.19,-175.07,-123.12
0.00414,298.59,-174.35,-124.23
0.00415,298.98,-173.62,-125.35
0.00416,299.36,-172.89,-126.47
0.00417,299.75,-172.15,-127.6
0.00418,300.13,-171.4,-128.72
0.00419,300.5,-170.65,-129.86
0.0042,300.87,-169.88,-130.99
0.00421,301.24,-169.11,-132.13
0.00422,301.6,-168.34,-133.27
0.00423,301.96,-167.55,-134.41
0.00424,302.32,-166.76,-135.55
0.00425,302.66,-165.96,-136.7
0.00426,303.01,-165.16,-137.85
0.00427,303.35,-164.34,-139
0.00428,303.68,-163.52,-140.16
0.00429,304.01,-162.7,-141.32
0.0043,304.34,-161.86,-142.48
0.00431,304.66,-161.02,-143.64
0.00432,304.97,-160.17,-144.81
0.00433,305.28,-159.31,-145.97
0.00434,305.58,-158.44,-147.14
0.00435,305.88,-157.57,-148.31
0.00436,306.17,-156.69,-149.48
0.00437,306.46,-155.8,-150.66
0.00438,306.74,-154.91,-151.83
0.00439,307.02,-154.01,-153.01
0.0044,307.28,-153.1,-154.19
0.00441,307.55,-152.18,-155.37
0.00442,307.8,-151.25,-156.55
0.00443,308.05,-150.32,-157.73
0.00444,308.3,-149.38,-158.91
0.00445,308.53,-148.44,-160.1
0.00446,308.77,-147.48,-161.28
0.00447,308.99,-146.52,-162.47
0.00448,309.21,-145.55,-163.66
0.00449,309.42,-144.58,-164.84
0.0045,309.62,-143.59,-166.03
0.00451,309.82,-142.6,-167.22
0.00452,310.01,-141.6,-168.41
0.00453,310.2,-140.6,-169.6
0.00454,310.37,-139.59,-170.78
0.00455,310.54,-138.57,-171.97
0.00456,310.7,-137.54,-173.16
0.00457,310.86,-136.51,-174.35
0.00458,311.01,-135.47,-175.54
0.00459,311.15,-134.42,-176.72
0.0046,311.28,-133.37,-177.91
0.00461,311.4,-132.31,-179.1
0.00462,311.52,-131.24,-180.28
0.00463,311.63,-130.16,-181.47
0.00464,311.73,-129.08,-182.65
0.00465,311.83,-127.99,-183.84
0.00466,311.91,-126.9,-185.02
0.00467,311.99,-125.8,-186.2
0.00468,312.06,-124.69,-187.38
0.00469,312.13,-123.57,-188.55
0.0047,312.18,-122.45,-189.73
0.00471,312.23,-121.32,-190.91
0.00472,312.27,-120.19,-192.08
0.00473,312.3,-119.05,-193.25
0.00474,312.32,-117.9,-194.42
0.00475,312.33,-116.75,-195.59
0.00476,312.34,-115.59,-196.75
0.00477,312.34,-114.43,-197.91
0.00478,312.33,-113.25,-199.07
0.00479,312.31,-112.08,-200.23
0.0048,312.28,-110.89,-201.39
0.00481,312.24,-109.71,-202.54
0.00482,312.2,-108.51,-203.69
0.00483,312.15,-107.31,-204.84
0.00484,312.09,-106.11,-205.98
0.00485,312.02,-104.89,-207.12
0.00486,311.94,-103.68,-208.26
0.00487,311.85,-102.45,-209.39
0.00488,311.75,-101.23,-210.53
0.00489,311.65,-99.994,-211.65
0.0049,311.54,-98.757,-212.78
0.00491,311.41,-97.514,-213.9
0.00492,311.28,-96.266,-215.02
0.00493,311.14,-95.013,-216.13
0.00494,311,-93.755,-217.24
0.00495,310.84,-92.493,-218.35
0.00496,310.67,-91.225,-219.45
0.00497,310.5,-89.954,-220.55
0.00498,310.32,-88.677,-221.64
0.00499,310.12,-87.397,-222.73
0.005,309.92,-86.112,-223.81
0.00501,309.72,-84.822,-224.89
0.00502,309.5,-83.529,-225.97
0.00503,309.27,-82.231,-227.04
0.00504,309.04,-80.93,-228.11
0.00505,308.79,-79.624,-229.17
0.00506,308.54,-78.315,-230.22
0.00507,308.28,-77.002,-231.28
0.00508,308.01,-75.685,-232.32
0.00509,307.73,-74.365,-233.36
0.0051,307.44,-73.041,-234.4
0.00511,307.14,-71.714,-235.43
0.00512,306.84,-70.384,-236.46
0.00513,306.53,-69.05,-237.48
0.00514,306.2,-67.713,-238.49
0.00515,305.87,-66.374,-239.5
0.00516,305.53,-65.031,-240.5
0.00517,305.19,-63.686,-241.5
0.00518,304.83,-62.338,-242.49
0.00519,304.47,-60.987,-243.48
0.0052,304.09,-59.634,-244.46
0.00521,303.71,-58.278,-245.43
0.00522,303.32,-56.92,-246.4
0.00523,302.92,-55.559,-247.36
0.00524,302.52,-54.197,-248.32
0.00525,302.1,-52.832,-249.27
0.00526,301.68,-51.466,-250.21
0.00527,301.25,-50.097,-251.15
0.00528,300.81,-48.727,-252.08
0.00529,300.36,-47.355,-253.01
0.0053,299.91,-45.981,-253.92
0.00531,299.44,-44.606,-254.84
0.00532,298.97,-43.23,-255.74
0.00533,298.49,-41.852,-256.64
0.00534,298,-40.473,-257.53
0.00535,297.51,-39.093,-258.42
0.00536,297.01,-37.711,-259.29
0.00537,296.49,-36.329,-260.17
0.00538,295.98,-34.946,-261.03
0.00539,295.45,-33.562,-261.89
0.0054,294.92,-32.177,-262.74
0.00541,294.37,-30.792,-263.58
0.00542,293.83,-29.406,-264.42
0.00543,293.27,-28.02,-265.25
0.00544,292.71,-26.634,-266.07
0.00545,292.14,-25.247,-266.89
0.00546,291.56,-23.86,-267.7
0.00547,290.97,-22.473,-268.5
0.00548,290.38,-21.086,-269.29
0.00549,289.78,-19.699,-270.08
0.0055,289.17,-18.312,-270.86
0.00551,288.56,-16.926,-271.63
0.00552,287.94,-15.54,-272.4
0.00553,287.31,-14.154,-273.16
0.00554,286.68,-12.769,-273.91
0.00555,286.04,-11.384,-274.66
0.00556,285.39,-10,-275.39
0.00557,284.74,-8.6171,-276.12
0.00558,284.08,-7.2347,-276.84
0.00559,283.41,-5.8532,-277.56
0.0056,282.74,-4.4727,-278.27
0.00561,282.06,-3.0933,-278.97
0.00562,281.38,-1.715,-279.66
0.00563,280.68,-0.33786,-280.35
0.00564,279.99,1.038,-281.02
0.00565,279.28,2.4124,-281.7
0.00566,278.57,3.7855,-282.36
0.00567,277.86,5.1571,-283.02
0.00568,277.14,6.5271,-283.66
0.00569,276.41,7.8955,-284.31
0.0057,275.68,9.2622,-284.94
0.00571,274.94,10.627,-285.57
0.00572,274.2,11.99,-286.19
0.00573,273.45,13.351,-286.8
0.00574,272.7,14.711,-287.41
0.00575,271.94,16.068,-288
0.00576,271.17,17.423,-288.59
0.00577,270.4,18.776,-289.18
0.00578,269.63,20.127,-289.75
0.00579,268.85,21.476,-290.32
0.0058,268.06,22.822,-290.89
0.00581,267.28,24.166,-291.44
0.00582,266.48,25.508,-291.99
0.00583,265.68,26.847,-292.53
0.00584,264.88,28.183,-293.06
0.00585,264.07,29.517,-293.59
0.00586,263.26,30.849,-294.11
0.00587,262.44,32.177,-294.62
0.00588,261.62,33.503,-295.13
0.00589,260.8,34.827,-295.63
0.0059,259.97,36.147,-296.12
0.00591,259.14,37.465,-296.6
0.00592,258.3,38.78,-297.08
0.00593,257.46,40.092,-297.55
0.00594,256.61,41.401,-298.01
0.00595,255.77,42.707,-298.47
0.00596,254.91,44.01,-298.92
0.00597,254.06,45.31,-299.37
0.00598,253.2,46.606,-299.8
0.00599,252.34,47.9,-300.24
0.006,251.47,49.191,-300.66
0.00601,250.6,50.478,-301.08
0.00602,249.73,51.762,-301.49
0.00603,248.85,53.043,-301.89
0.00604,247.97,54.321,-302.29
0.00605,247.09,55.595,-302.68
0.00606,246.2,56.866,-303.07
0.00607,245.32,58.134,-303.45
0.00608,244.42,59.398,-303.82
0.00609,243.53,60.659,-304.19
0.0061,242.63,61.917,-304.55
0.00611,241.73,63.171,-304.91
0.00612,240.83,64.422,-305.25
0.00613,239.93,65.67,-305.6
0.00614,239.02,66.914,-305.93
0.00615,238.11,68.154,-306.27
0.00616,237.2,69.391,-306.59
0.00617,236.28,70.625,-306.91
0.00618,235.37,71.855,-307.22
0.00619,234.45,73.082,-307.53
0.0062,233.53,74.305,-307.83
0.00621,232.61,75.525,-308.13
0.00622,231.68,76.741,-308.42
0.00623,230.75,77.954,-308.71
0.00624,229.82,79.163,-308.99
0.00625,228.89,80.369,-309.26
0.00626,227.96,81.571,-309.53
0.00627,227.03,82.77,-309.8
0.00628,226.09,83.965,-310.05
0.00629,225.15,85.157,-310.31
0.0063,224.21,86.345,-310.56
0.00631,223.27,87.53,-310.8
0.00632,222.33,88.712,-311.04
0.00633,221.38,89.89,-311.27
0.00634,220.44,91.065,-311.5
0.00635,219.49,92.236,-311.72
0.00636,218.54,93.404,-311.94
0.00637,217.59,94.568,-312.16
0.00638,216.64,95.729,-312.37
0.00639,215.69,96.887,-312.57
0.0064,214.73,98.041,-312.77
0.00641,213.78,99.192,-312.97
0.00642,212.82,100.34,-313.16
0.00643,211.86,101.48,-313.35
0.00644,210.9,102.63,-313.53
0.00645,209.94,103.76,-313.71
0.00646,208.98,104.9,-313.88
0.00647,208.02,106.03,-314.05
0.00648,207.06,107.16,-314.21
0.00649,206.09,108.28,-314.38
0.0065,205.13,109.41,-314.53
0.00651,204.16,110.52,-314.69
0.00652,203.19,111.64,-314.83
0.00653,202.23,112.75,-314.98
0.00654,201.26,113.86,-315.12
0.00655,200.29,114.97,-315.26
0.00656,199.32,116.07,-315.39
0.00657,198.34,117.18,-315.52
0.00658,197.37,118.27,-315.65
0.00659,196.4,119.37,-315.77
0.0066,195.43,120.46,-315.89
0.00661,194.45,121.55,-316
0.00662,193.47,122.64,-316.11
0.00663,192.5,123.72,-316.22
0.00664,191.52,124.8,-316.33
0.00665,190.54,125.88,-316.43
0.00666,189.56,126.96,-316.52
0.00667,188.58,128.03,-316.62
0.00668,187.6,129.1,-316.71
0.00669,186.62,130.17,-316.8
0.0067,185.64,131.24,-316.88
0.00671,184.66,132.3,-316.96
0.00672,183.67,133.36,-317.04
0.00673,182.69,134.42,-317.11
0.00674,181.71,135.48,-317.19
0.00675,180.72,136.53,-317.25
0.00676,179.73,137.59,-317.32
0.00677,178.74,138.64,-317.38
0.00678,177.76,139.68,-317.44
0.00679,176.77,140.73,-317.5
0.0068,175.78,141.77,-317.55
0.00681,174.79,142.81,-317.6
0.00682,173.79,143.85,-317.65
0.00683,172.8,144.89,-317.69
0.00684,171.81,145.93,-317.73
0.00685,170.81,146.96,-317.77
0.00686,169.82,147.99,-317.81
0.00687,168.82,149.02,-317.84
0.00688,167.82,150.05,-317.87
0.00689,166.83,151.08,-317.9
0.0069,165.83,152.1,-317.93
0.00691,164.83,153.12,-317.95
0.00692,163.83,154.14,-317.97
0.00693,162.82,155.16,-317.99
0.00694,161.82,156.18,-318
0.00695,160.81,157.2,-318.01
0.00696,159.81,158.21,-318.02
0.00697,158.8,159.23,-318.03
0.00698,157.79,160.24,-318.03
0.00699,156.78,161.25,-318.03
0.007,155.77,162.26,-318.03
0.00701,154.76,163.26,-318.03
0.00702,153.75,164.27,-318.02
0.00703,152.73,165.28,-318.01
0.00704,151.72,166.28,-318
0.00705,150.7,167.28,-317.98
0.00706,149.68,168.28,-317.96
0.00707,148.66,169.28,-317.94
0.00708,147.64,170.28,-317.92
0.00709,146.61,171.28,-317.9
0.0071,145.59,172.28,-317.87
0.00711,144.56,173.27,-317.84
0.00712,143.53,174.27,-317.8
0.00713,142.5,175.26,-317.77
0.00714,141.47,176.26,-317.73
0.00715,140.44,177.25,-317.69
0.00716,139.4,178.24,-317.64
0.00717,138.37,179.23,-317.6
0.00718,137.33,180.22,-317.55
0.00719,136.29,181.21,-317.49
0.0072,135.24,182.2,-317.44
0.00721,134.2,183.18,-317.38
0.00722,133.15,184.17,-317.32
0.00723,132.1,185.15,-317.26
0.00724,131.05,186.14,-317.19
0.00725,130,187.12,-317.12
0.00726,128.94,188.1,-317.05
0.00727,127.88,189.09,-316.97
0.00728,126.82,190.07,-316.89
0.00729,125.76,191.05,-316.81
0.0073,124.7,192.03,-316.73
0.00731,123.63,193.01,-316.64
0.00732,122.56,193.99,-316.55
0.00733,121.49,194.97,-316.46
0.00734,120.42,195.94,-316.36
0.00735,119.34,196.92,-316.26
0.00736,118.26,197.9,-316.16
0.00737,117.18,198.87,-316.05
0.00738,116.09,199.85,-315.94
0.00739,115.01,200.82,-315.83
0.0074,113.92,201.79,-315.71
0.00741,112.82,202.77,-315.59
0.00742,111.73,203.74,-315.47
0.00743,110.63,204.71,-315.34
0.00744,109.53,205.68,-315.21
0.00745,108.42,206.65,-315.07
0.00746,107.32,207.62,-314.94
0.00747,106.2,208.59,-314.8
0.00748,105.09,209.56,-314.65
0.00749,103.98,210.53,-314.5
0.0075,102.86,211.49,-314.35
0.00751,101.73,212.46,-314.19
0.00752,100.61,213.43,-314.03
0.00753,99.479,214.39,-313.87
0.00754,98.347,215.35,-313.7
0.00755,97.212,216.32,-313.53
0.00756,96.074,217.28,-313.35
0.00757,94.932,218.24,-313.17
0.00758,93.787,219.2,-312.99
0.00759,92.638,220.16,-312.8
0.0076,91.486,221.12,-312.61
0.00761,90.331,222.08,-312.41
0.00762,89.172,223.04,-312.21
0.00763,88.01,223.99,-312
0.00764,86.844,224.95,-311.79
0.00765,85.675,225.9,-311.58
0.00766,84.502,226.85,-311.36
0.00767,83.326,227.8,-311.13
0.00768,82.146,228.76,-310.9
0.00769,80.962,229.7,-310.67
0.0077,79.775,230.65,-310.43
0.00771,78.585,231.6,-310.18
0.00772,77.39,232.55,-309.94
0.00773,76.192,233.49,-309.68
0.00774,74.99,234.43,-309.42
0.00775,73.785,235.38,-309.16
0.00776,72.576,236.32,-308.89
0.00777,71.363,237.25,-308.62
0.00778,70.146,238.19,-308.34
0.00779,68.926,239.13,-308.05
0.0078,67.702,240.06,-307.76
0.00781,66.474,240.99,-307.47
0.00782,65.242,241.92,-307.17
0.00783,64.007,242.85,-306.86
0.00784,62.768,243.78,-306.55
0.00785,61.525,244.7,-306.23
0.00786,60.278,245.63,-305.91
0.00787,59.027,246.55,-305.58
0.00788,57.773,247.47,-305.24
0.00789,56.515,248.38,-304.9
0.0079,55.253,249.3,-304.55
0.00791,53.987,250.21,-304.2
0.00792,52.718,251.12,-303.84
0.00793,51.445,252.03,-303.47
0.00794,50.168,252.94,-303.1
0.00795,48.887,253.84,-302.73
0.00796,47.603,254.74,-302.34
0.00797,46.315,255.64,-301.95
0.00798,45.023,256.53,-301.55
0.00799,43.727,257.42,-301.15
0.008,42.428,258.31,-300.74
0.00801,41.125,259.2,-300.33
0.00802,39.819,260.08,-299.9
0.00803,38.509,260.97,-299.47
0.00804,37.195,261.84,-299.04
0.00805,35.878,262.72,-298.6
0.00806,34.557,263.59,-298.15
0.00807,33.233,264.46,-297.69
0.00808,31.905,265.32,-297.23
0.00809,30.574,266.18,-296.76
0.0081,29.239,267.04,-296.28
0.00811,27.901,267.89,-295.8
0.00812,26.56,268.75,-295.3
0.00813,25.215,269.59,-294.81
0.00814,23.867,270.43,-294.3
0.00815,22.515,271.27,-293.79
0.00816,21.161,272.11,-293.27
0.00817,19.803,272.94,-292.74
0.00818,18.442,273.77,-292.21
0.00819,17.078,274.59,-291.67
0.0082,15.711,275.41,-291.12
0.00821,14.341,276.22,-290.56
0.00822,12.968,277.03,-290
0.00823,11.592,277.84,-289.43
0.00824,10.213,278.64,-288.85
0.00825,8.8311,279.43,-288.26
0.00826,7.4466,280.22,-287.67
0.00827,6.0594,281.01,-287.07
0.00828,4.6695,281.79,-286.46
0.00829,3.2771,282.57,-285.84
0.0083,1.882,283.34,-285.22
0.00831,0.48451,284.1,-284.59
0.00832,-0.91545,284.87,-283.95
0.00833,-2.3178,285.62,-283.3
0.00834,-3.7224,286.37,-282.65
0.00835,-5.1293,287.11,-281.99
0.00836,-6.5384,287.85,-281.32
0.00837,-7.9496,288.59,-280.64
0.00838,-9.3629,289.31,-279.95
0.00839,-10.778,290.04,-279.26
0.0084,-12.195,290.75,-278.56
0.00841,-13.614,291.46,-277.85
0.00842,-15.035,292.17,-277.13
0.00843,-16.458,292.86,-276.41
0.00844,-17.882,293.56,-275.67
0.00845,-19.307,294.24,-274.93
0.00846,-20.734,294.92,-274.18
0.00847,-22.163,295.59,-273.43
0.00848,-23.593,296.26,-272.66
0.00849,-25.024,296.92,-271.89
0.0085,-26.456,297.57,-271.11
0.00851,-27.89,298.22,-270.33
0.00852,-29.324,298.85,-269.53
0.00853,-30.759,299.49,-268.73
0.00854,-32.195,300.11,-267.92
0.00855,-33.632,300.73,-267.1
0.00856,-35.07,301.34,-266.27
0.00857,-36.508,301.94,-265.44
0.00858,-37.947,302.54,-264.59
0.00859,-39.386,303.13,-263.74
0.0086,-40.825,303.71,-262.89
0.00861,-42.264,304.29,-262.02
0.00862,-43.704,304.85,-261.15
0.00863,-45.144,305.41,-260.27
0.00864,-46.583,305.96,-259.38
0.00865,-48.023,306.51,-258.48
0.00866,-49.462,307.04,-257.58
0.00867,-50.901,307.57,-256.67
0.00868,-52.34,308.09,-255.75
0.00869,-53.778,308.6,-254.82
0.0087,-55.215,309.1,-253.89
0.00871,-56.652,309.6,-252.95
0.00872,-58.088,310.09,-252
0.00873,-59.523,310.57,-251.04
0.00874,-60.957,311.04,-250.08
0.00875,-62.39,311.5,-249.11
0.00876,-63.822,311.95,-248.13
0.00877,-65.252,312.4,-247.15
0.00878,-66.681,312.84,-246.16
0.00879,-68.108,313.27,-245.16
0.0088,-69.534,313.69,-244.15
0.00881,-70.959,314.1,-243.14
0.00882,-72.381,314.5,-242.12
0.00883,-73.802,314.89,-241.09
0.00884,-75.22,315.28,-240.06
0.00885,-76.637,315.65,-239.02
0.00886,-78.051,316.02,-237.97
0.00887,-79.463,316.38,-236.92
0.00888,-80.872,316.73,-235.86
0.00889,-82.279,317.07,-234.79
0.0089,-83.684,317.4,-233.72
0.00891,-85.086,317.72,-232.64
0.00892,-86.485,318.03,-231.55
0.00893,-87.881,318.34,-230.46
0.00894,-89.274,318.63,-229.36
0.00895,-90.664,318.92,-228.25
0.00896,-92.05,319.19,-227.14
0.00897,-93.434,319.46,-226.03
0.00898,-94.814,319.72,-224.9
0.00899,-96.19,319.96,-223.77
0.009,-97.563,320.2,-222.64
0.00901,-98.932,320.43,-221.5
0.00902,-100.3,320.65,-220.35
0.00903,-101.66,320.86,-219.2
0.00904,-103.02,321.06,-218.05
0.00905,-104.37,321.25,-216.88
0.00906,-105.72,321.44,-215.72
0.00907,-107.06,321.61,-214.54
0.00908,-108.4,321.77,-213.37
0.00909,-109.74,321.92,-212.18
0.0091,-111.07,322.07,-211
0.00911,-112.4,322.2,-209.8
0.00912,-113.72,322.33,-208.61
0.00913,-115.04,322.44,-207.4
0.00914,-116.35,322.55,-206.2
0.00915,-117.66,322.64,-204.99
0.00916,-118.96,322.73,-203.77
0.00917,-120.26,322.81,-202.55
0.00918,-121.55,322.88,-201.33
0.00919,-122.83,322.93,-200.1
0.0092,-124.11,322.98,-198.87
0.00921,-125.39,323.02,-197.63
0.00922,-126.66,323.05,-196.39
0.00923,-127.92,323.07,-195.15
0.00924,-129.18,323.08,-193.9
0.00925,-130.43,323.09,-192.65
0.00926,-131.68,323.08,-191.4
0.00927,-132.92,323.06,-190.14
0.00928,-134.15,323.03,-188.88
0.00929,-135.38,323,-187.62
0.0093,-136.6,322.95,-186.35
0.00931,-137.81,322.9,-185.08
0.00932,-139.02,322.83,-183.81
0.00933,-140.22,322.76,-182.54
0.00934,-141.42,322.68,-181.26
0.00935,-142.61,322.59,-179.98
0.00936,-143.79,322.49,-178.7
0.00937,-144.96,322.38,-177.42
0.00938,-146.13,322.26,-176.13
0.00939,-147.29,322.13,-174.84
0.0094,-148.45,322,-173.55
0.00941,-149.59,321.85,-172.26
0.00942,-150.73,321.7,-170.97
0.00943,-151.86,321.54,-169.67
0.00944,-152.99,321.36,-168.38
0.00945,-154.11,321.18,-167.08
0.00946,-155.22,321,-165.78
0.00947,-156.32,320.8,-164.48
0.00948,-157.42,320.59,-163.18
0.00949,-158.5,320.38,-161.87
0.0095,-159.58,320.16,-160.57
0.00951,-160.66,319.92,-159.27
0.00952,-161.72,319.69,-157.96
0.00953,-162.78,319.44,-156.66
0.00954,-163.83,319.18,-155.35
0.00955,-164.87,318.92,-154.05
0.00956,-165.9,318.65,-152.74
0.00957,-166.93,318.37,-151.44
0.00958,-167.95,318.08,-150.13
0.00959,-168.96,317.78,-148.83
0.0096,-169.96,317.48,-147.52
0.00961,-170.95,317.17,-146.22
0.00962,-171.94,316.85,-144.91
0.00963,-172.92,316.53,-143.61
0.00964,-173.89,316.19,-142.31
0.00965,-174.85,315.85,-141
0.00966,-175.8,315.5,-139.7
0.00967,-176.75,315.15,-138.4
0.00968,-177.68,314.79,-137.1
0.00969,-178.61,314.42,-135.8
0.0097,-179.53,314.04,-134.51
0.00971,-180.44,313.66,-133.21
0.00972,-181.35,313.27,-131.92
0.00973,-182.24,312.87,-130.63
0.00974,-183.13,312.47,-129.34
0.00975,-184.01,312.06,-128.05
0.00976,-184.88,311.64,-126.76
0.00977,-185.74,311.22,-125.48
0.00978,-186.6,310.79,-124.2
0.00979,-187.44,310.36,-122.92
0.0098,-188.28,309.92,-121.64
0.00981,-189.11,309.47,-120.36
0.00982,-189.93,309.02,-119.09
0.00983,-190.74,308.56,-117.82
0.00984,-191.54,308.1,-116.55
0.00985,-192.34,307.63,-115.29
0.00986,-193.13,307.15,-114.03
0.00987,-193.91,306.67,-112.77
0.00988,-194.68,306.19,-111.51
0.00989,-195.44,305.7,-110.26
0.0099,-196.19,305.2,-109.01
0.00991,-196.94,304.7,-107.77
0.00992,-197.68,304.2,-106.52
0.00993,-198.41,303.69,-105.28
0.00994,-199.13,303.17,-104.05
0.00995,-199.84,302.66,-102.82
0.00996,-200.55,302.13,-101.59
0.00997,-201.24,301.61,-100.36
0.00998,-201.93,301.07,-99.141
0.00999,-202.61,300.54,-97.925
0.01,-203.29,300,-96.712
0.01001,-203.95,299.45,-95.503
0.01002,-204.61,298.91,-94.298
0.01003,-205.26,298.36,-93.097
0.01004,-205.9,297.8,-91.901
0.01005,-206.53,297.24,-90.709
0.01006,-207.16,296.68,-89.521
0.01007,-207.78,296.12,-88.338
0.01008,-208.39,295.55,-87.159
0.01009,-208.99,294.98,-85.985
0.0101,-209.59,294.41,-84.815
0.01011,-210.18,293.83,-83.65
0.01012,-210.76,293.25,-82.49
0.01013,-211.33,292.67,-81.335
0.01014,-211.9,292.08,-80.184
0.01015,-212.46,291.5,-79.038
0.01016,-213.01,290.91,-77.897
0.01017,-213.56,290.32,-76.761
0.01018,-214.09,289.73,-75.63
0.01019,-214.63,289.13,-74.504
0.0102,-215.15,288.53,-73.383
0.01021,-215.67,287.93,-72.267
0.01022,-216.18,287.33,-71.157
0.01023,-216.68,286.73,-70.051
0.01024,-217.18,286.13,-68.951
0.01025,-217.67,285.53,-67.856
0.01026,-218.15,284.92,-66.766
0.01027,-218.63,284.31,-65.682
0.01028,-219.1,283.71,-64.603
0.01029,-219.57,283.1,-63.529
0.0103,-220.03,282.49,-62.46
0.01031,-220.48,281.88,-61.397
0.01032,-220.93,281.27,-60.339
0.01033,-221.37,280.65,-59.287
0.01034,-221.8,280.04,-58.24
0.01035,-222.23,279.43,-57.199
0.01036,-222.66,278.82,-56.163
0.01037,-223.07,278.21,-55.132
0.01038,-223.49,277.59,-54.107
0.01039,-223.89,276.98,-53.087
0.0104,-224.3,276.37,-52.073
0.01041,-224.69,275.76,-51.065
0.01042,-225.08,275.14,-50.061
0.01043,-225.47,274.53,-49.064
0.01044,-225.85,273.92,-48.071
0.01045,-226.23,273.31,-47.084
0.01046,-226.6,272.7,-46.103
0.01047,-226.97,272.09,-45.127
0.01048,-227.33,271.48,-44.156
0.01049,-227.69,270.88,-43.191
0.0105,-228.04,270.27,-42.232
0.01051,-228.39,269.67,-41.277
0.01052,-228.73,269.06,-40.328
0.01053,-229.07,268.46,-39.385
0.01054,-229.41,267.86,-38.446
0.01055,-229.74,267.26,-37.513
0.01056,-230.07,266.66,-36.585
0.01057,-230.4,266.06,-35.663
0.01058,-230.72,265.47,-34.745
0.01059,-231.04,264.87,-33.833
0.0106,-231.35,264.28,-32.926
0.01061,-231.66,263.69,-32.024
0.01062,-231.97,263.1,-31.127
0.01063,-232.28,262.51,-30.236
0.01064,-232.58,261.93,-29.349
0.01065,-232.88,261.35,-28.467
0.01066,-233.18,260.77,-27.59
0.01067,-233.47,260.19,-26.718
0.01068,-233.76,259.61,-25.851
0.01069,-234.05,259.04,-24.988
0.0107,-234.33,258.46,-24.131
0.01071,-234.62,257.89,-23.278
0.01072,-234.9,257.33,-22.429
0.01073,-235.18,256.76,-21.585
0.01074,-235.45,256.2,-20.746
0.01075,-235.73,255.64,-19.911
0.01076,-236,255.08,-19.081
0.01077,-236.28,254.53,-18.255
0.01078,-236.55,253.98,-17.433
0.01079,-236.81,253.43,-16.615
0.0108,-237.08,252.88,-15.802
0.01081,-237.35,252.34,-14.992
0.01082,-237.61,251.8,-14.187
0.01083,-237.87,251.26,-13.386
0.01084,-238.14,250.72,-12.588
0.01085,-238.4,250.19,-11.795
0.01086,-238.66,249.66,-11.005
0.01087,-238.92,249.13,-10.218
0.01088,-239.18,248.61,-9.4359
0.01089,-239.43,248.09,-8.6568
0.0109,-239.69,247.57,-7.8812
0.01091,-239.95,247.06,-7.109
0.01092,-240.21,246.55,-6.3402
0.01093,-240.46,246.04,-5.5745
0.01094,-240.72,245.53,-4.812
0.01095,-240.97,245.03,-4.0526
0.01096,-241.23,244.53,-3.2961
0.01097,-241.49,244.03,-2.5426
0.01098,-241.74,243.54,-1.7919
0.01099,-242,243.05,-1.0439
0.011,-242.26,242.56,-0.29858
0.01101,-242.52,242.07,0.44417
0.01102,-242.77,241.59,1.1844
0.01103,-243.03,241.11,1.9223
0.01104,-243.29,240.64,2.6578
0.01105,-243.55,240.16,3.3911
0.01106,-243.81,239.69,4.1223
0.01107,-244.08,239.23,4.8515
0.01108,-244.34,238.76,5.5787
0.01109,-244.6,238.3,6.304
0.0111,-244.87,237.84,7.0275
0.01111,-245.14,237.39,7.7494
0.01112,-245.4,236.93,8.4697
0.01113,-245.67,236.48,9.1885
0.01114,-245.94,236.04,9.9058
0.01115,-246.21,235.59,10.622
0.01116,-246.49,235.15,11.337
0.01117,-246.76,234.71,12.05
0.01118,-247.04,234.28,12.763
0.01119,-247.32,233.84,13.475
0.0112,-247.6,233.41,14.186
0.01121,-247.88,232.98,14.896
0.01122,-248.16,232.56,15.605
0.01123,-248.45,232.13,16.314
0.01124,-248.74,231.71,17.023
0.01125,-249.02,231.29,17.731
0.01126,-249.32,230.88,18.439
0.01127,-249.61,230.46,19.146
0.01128,-249.91,230.05,19.854
0.01129,-250.2,229.64,20.561
0.0113,-250.5,229.24,21.269
0.01131,-250.81,228.83,21.977
0.01132,-251.11,228.43,22.685
0.01133,-251.42,228.03,23.394
0.01134,-251.73,227.63,24.103
0.01135,-252.04,227.23,24.812
0.01136,-252.35,226.83,25.523
0.01137,-252.67,226.44,26.234
0.01138,-252.99,226.05,26.945
0.01139,-253.31,225.65,27.658
0.0114,-253.64,225.27,28.372
0.01141,-253.96,224.88,29.087
0.01142,-254.29,224.49,29.803
0.01143,-254.63,224.11,30.521
0.01144,-254.96,223.72,31.239
0.01145,-255.3,223.34,31.96
0.01146,-255.64,222.96,32.682
0.01147,-255.98,222.58,33.405
0.01148,-256.33,222.2,34.13
0.01149,-256.68,221.82,34.858
0.0115,-257.03,221.44,35.587
0.01151,-257.38,221.06,36.318
0.01152,-257.74,220.69,37.051
0.01153,-258.1,220.31,37.786
0.01154,-258.46,219.94,38.523
0.01155,-258.82,219.56,39.263
0.01156,-259.19,219.19,40.005
0.01157,-259.56,218.81,40.75
0.01158,-259.93,218.44,41.497
0.01159,-260.31,218.06,42.247
0.0116,-260.69,217.69,43
0.01161,-261.07,217.31,43.755
0.01162,-261.45,216.94,44.513
0.01163,-261.84,216.56,45.275
0.01164,-262.23,216.19,46.039
0.01165,-262.62,215.81,46.806
0.01166,-263.01,215.43,47.576
0.01167,-263.41,215.06,48.35
0.01168,-263.81,214.68,49.127
0.01169,-264.21,214.3,49.907
0.0117,-264.61,213.92,50.691
0.01171,-265.02,213.54,51.478
0.01172,-265.42,213.16,52.268
0.01173,-265.84,212.77,53.062
0.01174,-266.25,212.39,53.86
0.01175,-266.66,212,54.662
0.01176,-267.08,211.62,55.467
0.01177,-267.5,211.23,56.276
0.01178,-267.92,210.84,57.089
0.01179,-268.35,210.44,57.906
0.0118,-268.77,210.05,58.727
0.01181,-269.2,209.65,59.552
0.01182,-269.63,209.25,60.381
0.01183,-270.07,208.85,61.214
0.01184,-270.5,208.45,62.051
0.01185,-270.94,208.04,62.892
0.01186,-271.37,207.64,63.738
0.01187,-271.81,207.23,64.588
0.01188,-272.25,206.81,65.442
0.01189,-272.7,206.4,66.301
0.0119,-273.14,205.98,67.164
0.01191,-273.59,205.56,68.031
0.01192,-274.03,205.13,68.903
0.01193,-274.48,204.7,69.779
0.01194,-274.93,204.27,70.66
0.01195,-275.38,203.84,71.545
0.01196,-275.84,203.4,72.435
0.01197,-276.29,202.96,73.329
0.01198,-276.74,202.51,74.228
0.01199,-277.2,202.07,75.132
0.012,-277.65,201.61,76.04
0.01201,-278.11,201.16,76.953
0.01202,-278.57,200.7,77.87
0.01203,-279.03,200.23,78.793
0.01204,-279.48,199.76,79.72
0.01205,-279.94,199.29,80.651
0.01206,-280.4,198.81,81.587
0.01207,-280.86,198.33,82.528
0.01208,-281.32,197.85,83.474
0.01209,-281.78,197.36,84.424
0.0121,-282.24,196.86,85.38
0.01211,-282.7,196.36,86.339
0.01212,-283.16,195.86,87.304
0.01213,-283.62,195.35,88.273
0.01214,-284.08,194.83,89.247
0.01215,-284.54,194.31,90.225
0.01216,-285,193.79,91.209
0.01217,-285.46,193.26,92.197
0.01218,-285.91,192.72,93.189
0.01219,-286.37,192.18,94.186
0.0122,-286.83,191.64,95.188
0.01221,-287.28,191.09,96.194
0.01222,-287.73,190.53,97.205
0.01223,-288.19,189.97,98.221
0.01224,-288.64,189.4,99.24
0.01225,-289.09,188.82,100.26
0.01226,-289.54,188.24,101.29
0.01227,-289.98,187.66,102.33
0.01228,-290.43,187.06,103.36
0.01229,-290.87,186.47,104.41
0.0123,-291.32,185.86,105.45
0.01231,-291.76,185.25,106.5
0.01232,-292.19,184.63,107.56
0.01233,-292.63,184.01,108.62
0.01234,-293.06,183.38,109.68
0.01235,-293.49,182.75,110.75
0.01236,-293.92,182.1,111.82
0.01237,-294.35,181.45,112.9
0.01238,-294.77,180.8,113.98
0.01239,-295.19,180.14,115.06
0.0124,-295.61,179.47,116.15
0.01241,-296.03,178.79,117.24
0.01242,-296.44,178.11,118.33
0.01243,-296.85,177.42,119.43
0.01244,-297.26,176.72,120.53
0.01245,-297.66,176.02,121.64
0.01246,-298.06,175.31,122.75
0.01247,-298.45,174.59,123.86
0.01248,-298.85,173.87,124.98
0.01249,-299.23,173.14,126.1
0.0125,-299.62,172.4,127.22
0.01251,-300,171.65,128.35
0.01252,-300.38,170.9,129.48
0.01253,-300.75,170.14,130.61
0.01254,-301.12,169.37,131.75
0.01255,-301.48,168.6,132.89
0.01256,-301.84,167.82,134.03
0.01257,-302.2,167.03,135.17
0.01258,-302.55,166.23,136.32
0.01259,-302.89,165.43,137.47
0.0126,-303.24,164.62,138.62
0.01261,-303.57,163.8,139.77
0.01262,-303.9,162.97,140.93
0.01263,-304.23,162.14,142.09
0.01264,-304.55,161.3,143.25
0.01265,-304.87,160.45,144.42
0.01266,-305.18,159.6,145.58
0.01267,-305.48,158.73,146.75
0.01268,-305.78,157.86,147.92
0.01269,-306.08,156.98,149.09
0.0127,-306.36,156.1,150.27
0.01271,-306.65,155.21,151.44
0.01272,-306.92,154.31,152.62
0.01273,-307.19,153.4,153.79
0.01274,-307.46,152.49,154.97
0.01275,-307.72,151.56,156.15
0.01276,-307.97,150.63,157.34
0.01277,-308.22,149.7,158.52
0.01278,-308.46,148.75,159.7
0.01279,-308.69,147.8,160.89
0.0128,-308.92,146.84,162.07
0.01281,-309.14,145.88,163.26
0.01282,-309.35,144.9,164.45
0.01283,-309.56,143.92,165.63
0.01284,-309.76,142.93,166.82
0.01285,-309.95,141.94,168.01
0.01286,-310.14,140.94,169.2
0.01287,-310.31,139.93,170.39
0.01288,-310.49,138.91,171.58
0.01289,-310.65,137.89,172.76
0.0129,-310.81,136.85,173.95
0.01291,-310.96,135.82,175.14
0.01292,-311.1,134.77,176.33
0.01293,-311.24,133.72,177.52
0.01294,-311.36,132.66,178.7
0.01295,-311.48,131.59,179.89
0.01296,-311.6,130.52,181.07
0.01297,-311.7,129.44,182.26
0.01298,-311.8,128.36,183.44
0.01299,-311.89,127.26,184.62
0.013,-311.97,126.16,185.8
0.01301,-312.04,125.06,186.98
0.01302,-312.11,123.95,188.16
0.01303,-312.16,122.83,189.34
0.01304,-312.21,121.7,190.51
0.01305,-312.26,120.57,191.69
0.01306,-312.29,119.43,192.86
0.01307,-312.31,118.29,194.03
0.01308,-312.33,117.13,195.2
0.01309,-312.34,115.98,196.36
0.0131,-312.34,114.81,197.53
0.01311,-312.33,113.65,198.69
0.01312,-312.32,112.47,199.85
0.01313,-312.29,111.29,201
0.01314,-312.26,110.1,202.15
0.01315,-312.22,108.91,203.31
0.01316,-312.17,107.71,204.45
0.01317,-312.11,106.51,205.6
0.01318,-312.04,105.3,206.74
0.01319,-311.96,104.08,207.88
0.0132,-311.88,102.86,209.02
0.01321,-311.79,101.64,210.15
0.01322,-311.68,100.41,211.28
0.01323,-311.57,99.17,212.4
0.01324,-311.46,97.929,213.53
0.01325,-311.33,96.682,214.65
0.01326,-311.19,95.431,215.76
0.01327,-311.05,94.175,216.87
0.01328,-310.89,92.914,217.98
0.01329,-310.73,91.648,219.08
0.0133,-310.56,90.378,220.18
0.01331,-310.38,89.103,221.28
0.01332,-310.19,87.824,222.37
0.01333,-309.99,86.54,223.45
0.01334,-309.79,85.252,224.53
0.01335,-309.57,83.96,225.61
0.01336,-309.35,82.664,226.68
0.01337,-309.11,81.364,227.75
0.01338,-308.87,80.06,228.81
0.01339,-308.62,78.752,229.87
0.0134,-308.37,77.44,230.93
0.01341,-308.1,76.124,231.97
0.01342,-307.82,74.805,233.02
0.01343,-307.54,73.483,234.05
0.01344,-307.24,72.157,235.09
0.01345,-306.94,70.827,236.11
0.01346,-306.63,69.495,237.14
0.01347,-306.31,68.159,238.15
0.01348,-305.98,66.821,239.16
0.01349,-305.65,65.479,240.17
0.0135,-305.3,64.135,241.17
0.01351,-304.95,62.787,242.16
0.01352,-304.59,61.438,243.15
0.01353,-304.22,60.085,244.13
0.01354,-303.84,58.73,245.11
0.01355,-303.45,57.373,246.08
0.01356,-303.06,56.013,247.04
0.01357,-302.65,54.651,248
0.01358,-302.24,53.287,248.95
0.01359,-301.82,51.922,249.9
0.0136,-301.39,50.554,250.84
0.01361,-300.96,49.184,251.77
0.01362,-300.51,47.813,252.7
0.01363,-300.06,46.44,253.62
0.01364,-299.6,45.065,254.53
0.01365,-299.13,43.689,255.44
0.01366,-298.65,42.311,256.34
0.01367,-298.17,40.933,257.23
0.01368,-297.67,39.553,258.12
0.01369,-297.17,38.172,259
0.0137,-296.67,36.79,259.88
0.01371,-296.15,35.407,260.74
0.01372,-295.63,34.023,261.6
0.01373,-295.09,32.639,262.46
0.01374,-294.56,31.254,263.3
0.01375,-294.01,29.868,264.14
0.01376,-293.46,28.482,264.97
0.01377,-292.9,27.096,265.8
0.01378,-292.33,25.709,266.62
0.01379,-291.75,24.322,267.43
0.0138,-291.17,22.935,268.23
0.01381,-290.58,21.548,269.03
0.01382,-289.98,20.161,269.82
0.01383,-289.38,18.775,270.6
0.01384,-288.77,17.388,271.38
0.01385,-288.15,16.002,272.15
0.01386,-287.52,14.616,272.91
0.01387,-286.89,13.23,273.66
0.01388,-286.25,11.846,274.41
0.01389,-285.61,10.461,275.15
0.0139,-284.96,9.078,275.88
0.01391,-284.3,7.6954,276.6
0.01392,-283.64,6.3136,277.32
0.01393,-282.96,4.9328,278.03
0.01394,-282.29,3.553,278.73
0.01395,-281.6,2.1743,279.43
0.01396,-280.91,0.79676,280.12
0.01397,-280.22,-0.5795,280.8
0.01398,-279.52,-1.9544,281.47
0.01399,-278.81,-3.328,282.14
0.014,-278.1,-4.7001,282.8
0.01401,-277.38,-6.0706,283.45
0.01402,-276.65,-7.4395,284.09
0.01403,-275.92,-8.8068,284.73
0.01404,-275.19,-10.172,285.36
0.01405,-274.45,-11.536,285.98
0.01406,-273.7,-12.898,286.6
0.01407,-272.95,-14.258,287.2
0.01408,-272.19,-15.616,287.81
0.01409,-271.43,-16.972,288.4
0.0141,-270.66,-18.325,288.98
0.01411,-269.89,-19.677,289.56
0.01412,-269.11,-21.026,290.14
0.01413,-268.33,-22.373,290.7
0.01414,-267.54,-23.718,291.26
0.01415,-266.75,-25.061,291.81
0.01416,-265.95,-26.401,292.35
0.01417,-265.15,-27.738,292.89
0.01418,-264.34,-29.073,293.41
0.01419,-263.53,-30.405,293.94
0.0142,-262.72,-31.735,294.45
0.01421,-261.9,-33.062,294.96
0.01422,-261.07,-34.386,295.46
0.01423,-260.25,-35.707,295.95
0.01424,-259.41,-37.026,296.44
0.01425,-258.58,-38.342,296.92
0.01426,-257.74,-39.655,297.39
0.01427,-256.9,-40.965,297.86
0.01428,-256.05,-42.272,298.32
0.01429,-255.2,-43.576,298.77
0.0143,-254.34,-44.877,299.22
0.01431,-253.49,-46.174,299.66
0.01432,-252.62,-47.469,300.09
0.01433,-251.76,-48.761,300.52
0.01434,-250.89,-50.049,300.94
0.01435,-250.02,-51.334,301.35
0.01436,-249.14,-52.616,301.76
0.01437,-248.26,-53.895,302.16
0.01438,-247.38,-55.171,302.55
0.01439,-246.5,-56.443,302.94
0.0144,-245.61,-57.712,303.32
0.01441,-244.72,-58.977,303.7
0.01442,-243.83,-60.239,304.07
0.01443,-242.93,-61.498,304.43
0.01444,-242.03,-62.754,304.79
0.01445,-241.13,-64.006,305.14
0.01446,-240.23,-65.254,305.48
0.01447,-239.32,-66.499,305.82
0.01448,-238.41,-67.741,306.16
0.01449,-237.5,-68.979,306.48
0.0145,-236.59,-70.214,306.8
0.01451,-235.67,-71.446,307.12
0.01452,-234.76,-72.673,307.43
0.01453,-233.84,-73.898,307.73
0.01454,-232.91,-75.119,308.03
0.01455,-231.99,-76.336,308.32
0.01456,-231.06,-77.55,308.61
0.01457,-230.13,-78.76,308.89
0.01458,-229.2,-79.967,309.17
0.01459,-228.27,-81.171,309.44
0.0146,-227.34,-82.371,309.71
0.01461,-226.4,-83.567,309.97
0.01462,-225.46,-84.76,310.22
0.01463,-224.52,-85.95,310.47
0.01464,-223.58,-87.136,310.72
0.01465,-222.64,-88.318,310.96
0.01466,-221.7,-89.498,311.2
0.01467,-220.75,-90.673,311.43
0.01468,-219.81,-91.846,311.65
0.01469,-218.86,-93.015,311.87
0.0147,-217.91,-94.18,312.09
0.01471,-216.96,-95.342,312.3
0.01472,-216,-96.501,312.5
0.01473,-215.05,-97.657,312.71
0.01474,-214.09,-98.809,312.9
0.01475,-213.14,-99.958,313.1
0.01476,-212.18,-101.1,313.28
0.01477,-211.22,-102.25,313.47
0.01478,-210.26,-103.38,313.65
0.01479,-209.3,-104.52,313.82
0.0148,-208.34,-105.65,313.99
0.01481,-207.38,-106.78,314.16
0.01482,-206.41,-107.91,314.32
0.01483,-205.45,-109.03,314.48
0.01484,-204.48,-110.15,314.64
0.01485,-203.52,-111.27,314.79
0.01486,-202.55,-112.38,314.93
0.01487,-201.58,-113.49,315.07
0.01488,-200.61,-114.6,315.21
0.01489,-199.64,-115.71,315.35
0.0149,-198.67,-116.81,315.48
0.01491,-197.7,-117.91,315.6
0.01492,-196.72,-119,315.73
0.01493,-195.75,-120.1,315.85
0.01494,-194.78,-121.19,315.96
0.01495,-193.8,-122.28,316.08
0.01496,-192.82,-123.36,316.19
0.01497,-191.85,-124.44,316.29
0.01498,-190.87,-125.52,316.39
0.01499,-189.89,-126.6,316.49
0.015,-188.91,-127.68,316.59
0.01501,-187.93,-128.75,316.68
0.01502,-186.95,-129.82,316.77
0.01503,-185.97,-130.88,316.85
0.01504,-184.99,-131.95,316.93
0.01505,-184,-133.01,317.01
0.01506,-183.02,-134.07,317.09
0.01507,-182.03,-135.13,317.16
0.01508,-181.05,-136.18,317.23
0.01509,-180.06,-137.24,317.3
0.0151,-179.07,-138.29,317.36
0.01511,-178.09,-139.33,317.42
0.01512,-177.1,-140.38,317.48
0.01513,-176.11,-141.43,317.53
0.01514,-175.12,-142.47,317.58
0.01515,-174.13,-143.51,317.63
0.01516,-173.13,-144.55,317.68
0.01517,-172.14,-145.58,317.72
0.01518,-171.15,-146.62,317.76
0.01519,-170.15,-147.65,317.8
0.0152,-169.15,-148.68,317.83
0.01521,-168.16,-149.71,317.86
0.01522,-167.16,-150.73,317.89
0.01523,-166.16,-151.76,317.92
0.01524,-165.16,-152.78,317.94
0.01525,-164.16,-153.8,317.96
0.01526,-163.16,-154.82,317.98
0.01527,-162.15,-155.84,318
0.01528,-161.15,-156.86,318.01
0.01529,-160.14,-157.87,318.02
0.0153,-159.14,-158.89,318.03
0.01531,-158.13,-159.9,318.03
0.01532,-157.12,-160.91,318.03
0.01533,-156.11,-161.92,318.03
0.01534,-155.1,-162.93,318.03
0.01535,-154.09,-163.94,318.02
0.01536,-153.07,-164.94,318.01
0.01537,-152.06,-165.95,318
0.01538,-151.04,-166.95,317.99
0.01539,-150.02,-167.95,317.97
0.0154,-149,-168.95,317.95
0.01541,-147.98,-169.95,317.93
0.01542,-146.96,-170.95,317.9
0.01543,-145.93,-171.95,317.88
0.01544,-144.9,-172.94,317.85
0.01545,-143.88,-173.94,317.82
0.01546,-142.85,-174.93,317.78
0.01547,-141.82,-175.93,317.74
0.01548,-140.78,-176.92,317.7
0.01549,-139.75,-177.91,317.66
0.0155,-138.71,-178.9,317.61
0.01551,-137.67,-179.89,317.56
0.01552,-136.63,-180.88,317.51
0.01553,-135.59,-181.87,317.46
0.01554,-134.55,-182.85,317.4
0.01555,-133.5,-183.84,317.34
0.01556,-132.45,-184.83,317.28
0.01557,-131.4,-185.81,317.21
0.01558,-130.35,-186.79,317.14
0.01559,-129.29,-187.78,317.07
0.0156,-128.24,-188.76,317
0.01561,-127.18,-189.74,316.92
0.01562,-126.12,-190.72,316.84
0.01563,-125.05,-191.7,316.76
0.01564,-123.99,-192.68,316.67
0.01565,-122.92,-193.66,316.58
0.01566,-121.85,-194.64,316.49
0.01567,-120.77,-195.62,316.39
0.01568,-119.7,-196.59,316.29
0.01569,-118.62,-197.57,316.19
0.0157,-117.54,-198.55,316.08
0.01571,-116.45,-199.52,315.98
0.01572,-115.37,-200.5,315.86
0.01573,-114.28,-201.47,315.75
0.01574,-113.19,-202.44,315.63
0.01575,-112.09,-203.42,315.51
0.01576,-110.99,-204.39,315.38
0.01577,-109.89,-205.36,315.25
0.01578,-108.79,-206.33,315.12
0.01579,-107.68,-207.3,314.98
0.0158,-106.58,-208.27,314.84
0.01581,-105.46,-209.24,314.7
0.01582,-104.35,-210.2,314.55
0.01583,-103.23,-211.17,314.4
0.01584,-102.11,-212.14,314.25
0.01585,-100.98,-213.1,314.09
0.01586,-99.856,-214.07,313.92
0.01587,-98.725,-215.03,313.76
0.01588,-97.591,-216,313.59
0.01589,-96.453,-216.96,313.41
0.0159,-95.313,-217.92,313.23
0.01591,-94.169,-218.88,313.05
0.01592,-93.021,-219.84,312.86
0.01593,-91.871,-220.8,312.67
0.01594,-90.716,-221.76,312.48
0.01595,-89.559,-222.72,312.28
0.01596,-88.398,-223.67,312.07
0.01597,-87.233,-224.63,311.86
0.01598,-86.065,-225.58,311.65
0.01599,-84.894,-226.54,311.43
0.016,-83.718,-227.49,311.21
0.01601,-82.54,-228.44,310.98
0.01602,-81.357,-229.39,310.75
0.01603,-80.171,-230.34,310.51
0.01604,-78.982,-231.28,310.27
0.01605,-77.789,-232.23,310.02
0.01606,-76.592,-233.18,309.77
0.01607,-75.391,-234.12,309.51
0.01608,-74.187,-235.06,309.25
0.01609,-72.979,-236,308.98
0.0161,-71.768,-236.94,308.71
0.01611,-70.552,-237.88,308.43
0.01612,-69.333,-238.82,308.15
0.01613,-68.11,-239.75,307.86
0.01614,-66.884,-240.68,307.57
0.01615,-65.653,-241.61,307.27
0.01616,-64.419,-242.54,306.96
0.01617,-63.181,-243.47,306.65
0.01618,-61.939,-244.4,306.34
0.01619,-60.694,-245.32,306.01
0.0162,-59.445,-246.24,305.69
0.01621,-58.191,-247.16,305.35
0.01622,-56.935,-248.08,305.01
0.01623,-55.674,-248.99,304.67
0.01624,-54.41,-249.91,304.32
0.01625,-53.141,-250.82,303.96
0.01626,-51.87,-251.73,303.6
0.01627,-50.594,-252.63,303.23
0.01628,-49.314,-253.54,302.85
0.01629,-48.031,-254.44,302.47
0.0163,-46.744,-255.34,302.08
0.01631,-45.454,-256.23,301.69
0.01632,-44.16,-257.13,301.29
0.01633,-42.862,-258.02,300.88
0.01634,-41.56,-258.91,300.47
0.01635,-40.255,-259.79,300.04
0.01636,-38.946,-260.67,299.62
0.01637,-37.634,-261.55,299.18
0.01638,-36.317,-262.43,298.74
0.01639,-34.998,-263.3,298.3
0.0164,-33.675,-264.17,297.84
0.01641,-32.348,-265.03,297.38
0.01642,-31.018,-265.9,296.91
0.01643,-29.684,-266.76,296.44
0.01644,-28.348,-267.61,295.96
0.01645,-27.007,-268.46,295.47
0.01646,-25.663,-269.31,294.97
0.01647,-24.316,-270.15,294.47
0.01648,-22.966,-270.99,293.96
0.01649,-21.613,-271.83,293.44
0.0165,-20.256,-272.66,292.92
0.01651,-18.896,-273.49,292.39
0.01652,-17.533,-274.32,291.85
0.01653,-16.167,-275.14,291.3
0.01654,-14.798,-275.95,290.75
0.01655,-13.426,-276.76,290.19
0.01656,-12.051,-277.57,289.62
0.01657,-10.673,-278.37,289.04
0.01658,-9.292,-279.17,288.46
0.01659,-7.9084,-279.96,287.87
0.0166,-6.5221,-280.75,287.27
0.01661,-5.1331,-281.53,286.66
0.01662,-3.7415,-282.31,286.05
0.01663,-2.3473,-283.08,285.43
0.01664,-0.95062,-283.85,284.8
0.01665,0.44853,-284.61,284.16
0.01666,1.8501,-285.37,283.52
0.01667,3.254,-286.12,282.87
0.01668,4.6601,-286.87,282.21
0.01669,6.0685,-287.61,281.54
0.0167,7.479,-288.34,280.86
